skillId,description,extractedAt,relatedSkills,skillCategory,skillName,skillType,source
"http://data.europa.eu/esco/skill/9bc3b9ae-50d8-4a32-857e-8cf8d9b4ba8e","","""2026-02-10T05:55:43.043Z""","","Skill","3D body scanning technologies","technical","ESCO"
"http://data.europa.eu/esco/skill/6e53fd99-b646-4327-9580-ac062ab21188","","""2026-02-10T05:55:43.112Z""","","Skill","3D lighting","technical","ESCO"
"http://data.europa.eu/esco/skill/97965983-0da4-4902-9daf-d5cd2693ef73","","""2026-02-10T05:55:43.144Z""","","Skill","3D modelling","technical","ESCO"
"http://data.europa.eu/esco/skill/2afb2b59-c9a3-4cf3-b1dd-1a2fad51e583","","""2026-02-10T05:55:43.177Z""","","Skill","3D printing process","technical","ESCO"
"http://data.europa.eu/esco/skill/3e7516dc-0f7c-4686-8b2f-fade4e5d21be","","""2026-02-10T05:55:43.224Z""","","Skill","3D texturing","technical","ESCO"
"http://data.europa.eu/esco/skill/eb0e5615-1575-4a86-a1a2-7d39595033c5","","""2026-02-10T05:55:43.274Z""","","Skill","ABAP","technical","ESCO"
"http://data.europa.eu/esco/skill/9a35cb50-8106-45f9-8aba-2df99dd6f913","","""2026-02-10T05:55:43.332Z""","","Skill","ABBYY FineReader","technical","ESCO"
"http://data.europa.eu/esco/skill/6bc02a4a-66af-4b49-9bd3-d07695d52b42","","""2026-02-10T05:55:43.370Z""","","Skill","abide by business ethical code of conducts","technical","ESCO"
"http://data.europa.eu/esco/skill/c0ccbd15-36f3-4515-ae0b-b4062d225ee2","","""2026-02-10T05:55:43.463Z""","","Skill","abide by regulations on banned materials","technical","ESCO"
"http://data.europa.eu/esco/skill/27247d7e-d327-4ba2-87fe-215143be6453","","""2026-02-10T05:55:43.513Z""","","Skill","abrasive blasting processes","technical","ESCO"
"http://data.europa.eu/esco/skill/f777173e-567c-4d4a-80b3-0ff5353bb9ce","","""2026-02-10T05:55:43.563Z""","","Skill","abrasive machining processes","technical","ESCO"
"http://data.europa.eu/esco/skill/0189f448-179e-47cc-9716-c5c3ac4b1aec","","""2026-02-10T05:55:43.617Z""","","Skill","Absorb (learning management systems)","technical","ESCO"
"http://data.europa.eu/esco/skill/a311ab20-75df-4aff-8016-3142c5659d30","","""2026-02-10T05:55:43.687Z""","","Skill","accept constructive criticism","technical","ESCO"
"http://data.europa.eu/esco/skill/125258b2-23c1-472c-90c6-4ec2e90ed893","","""2026-02-10T05:55:43.755Z""","","Skill","accept feedback on artistic performance","technical","ESCO"
"http://data.europa.eu/esco/skill/f90d4810-8bac-4e5e-b870-3e35a4138ff7","","""2026-02-10T05:55:43.818Z""","","Skill","accept own accountability","technical","ESCO"
"http://data.europa.eu/esco/skill/5e1ae060-3827-403b-b875-2f45a054ce03","","""2026-02-10T05:55:43.862Z""","","Skill","acclimatise timber","technical","ESCO"
"http://data.europa.eu/esco/skill/5f8a6414-7095-410f-aee6-774cec68077e","","""2026-02-10T05:55:43.920Z""","","Skill","accommodate cargo in freight transport vehicle","technical","ESCO"
"http://data.europa.eu/esco/skill/e32a8119-ca4e-48be-9470-6d45b5a7219f","","""2026-02-10T05:55:43.982Z""","","Skill","accommodate special seating","technical","ESCO"
"http://data.europa.eu/esco/skill/ab89ad86-1098-44bb-9465-05af5624557c","","""2026-02-10T05:55:44.059Z""","","Skill","accompany people","technical","ESCO"
"http://data.europa.eu/esco/skill/ecc18804-a466-40d9-98b4-fba5cd67dd4b","","""2026-02-10T05:55:44.109Z""","","Skill","accounting","technical","ESCO"
"http://data.europa.eu/esco/skill/08371fe9-c658-4f6a-966f-71dbb0ab683d","","""2026-02-10T05:55:44.156Z""","","Skill","accounting department processes","technical","ESCO"
"http://data.europa.eu/esco/skill/99b163e8-7815-43e2-83f3-a47f3076354c","","""2026-02-10T05:55:44.190Z""","","Skill","accounting entries","technical","ESCO"
"http://data.europa.eu/esco/skill/880c54f9-866e-4f37-b5fa-25ef8a7d49b6","","""2026-02-10T05:55:44.250Z""","","Skill","accounting techniques","technical","ESCO"
"http://data.europa.eu/esco/skill/bd556223-d9af-434b-a6bf-e70fa3ed3d12","","""2026-02-10T05:55:44.283Z""","","Skill","accurately estimate work hours","technical","ESCO"
"http://data.europa.eu/esco/skill/393a7e6b-8deb-41a3-a48e-30d5dd68a7df","","""2026-02-10T05:55:44.330Z""","","Skill","accurise guns","technical","ESCO"
"http://data.europa.eu/esco/skill/c09bf6d4-f8a7-40f3-aead-ef01643f2352","","""2026-02-10T05:55:44.363Z""","","Skill","achieve sales targets","technical","ESCO"
"http://data.europa.eu/esco/skill/0939079f-e4dc-46c3-94fa-5155fc34c888","","""2026-02-10T05:55:44.473Z""","","Skill","acoustical engineering","technical","ESCO"
"http://data.europa.eu/esco/skill/26879b10-1df9-4071-a4c5-cb8e32eddb99","","""2026-02-10T05:55:44.534Z""","","Skill","acoustics","technical","ESCO"
"http://data.europa.eu/esco/skill/29b22cea-531c-4a6c-a28e-33e87ec4aa67","","""2026-02-10T05:55:44.577Z""","","Skill","acquire antique items","technical","ESCO"
"http://data.europa.eu/esco/skill/83fbfa2f-0eb7-4667-a574-d12e3b7fdc2b","","""2026-02-10T05:55:44.614Z""","","Skill","acquire licences for the use of weapons","technical","ESCO"
"http://data.europa.eu/esco/skill/1667e510-709d-4093-96bd-8264050cd978","","""2026-02-10T05:55:44.663Z""","","Skill","acquire license for selling tobacco products","technical","ESCO"
"http://data.europa.eu/esco/skill/90be83d9-56f1-46a4-a6bc-96c51f6c9025","","""2026-02-10T05:55:44.700Z""","","Skill","acquire system component","technical","ESCO"
"http://data.europa.eu/esco/skill/43268a87-8280-4e3f-bf97-97dc973d60ef","","""2026-02-10T05:55:44.731Z""","","Skill","act as a company ambassador","technical","ESCO"
"http://data.europa.eu/esco/skill/6299f204-534b-4251-9338-7aaa386ce49e","","""2026-02-10T05:55:44.768Z""","","Skill","act as a resource person in dance","technical","ESCO"
"http://data.europa.eu/esco/skill/2d78d7e4-767a-436d-90cb-e0775ed613ee","","""2026-02-10T05:55:44.842Z""","","Skill","act as a watchstander","technical","ESCO"
"http://data.europa.eu/esco/skill/00f2eee1-cd4d-4a45-ae10-b6060f53ad5d","","""2026-02-10T05:55:44.881Z""","","Skill","act as contact person during equipment incident","technical","ESCO"
"http://data.europa.eu/esco/skill/88f2ee42-01c8-4390-a108-e733cecaaa77","","""2026-02-10T05:55:44.921Z""","","Skill","act discreetly","technical","ESCO"
"http://data.europa.eu/esco/skill/b983e86d-61d5-4ebf-8810-2650c91da096","","""2026-02-10T05:55:44.968Z""","","Skill","act for an audience","technical","ESCO"
"http://data.europa.eu/esco/skill/25e16679-a7d0-464d-916c-63210001bbab","","""2026-02-10T05:55:45.002Z""","","Skill","act reliably","technical","ESCO"
"http://data.europa.eu/esco/skill/91fc256e-00ec-4367-b3b4-dcd564ed3fd2","","""2026-02-10T05:55:45.092Z""","","Skill","acting and directing techniques","technical","ESCO"
"http://data.europa.eu/esco/skill/74be20a7-fcfe-4715-bb62-8937a547a982","","""2026-02-10T05:55:45.139Z""","","Skill","acting techniques","technical","ESCO"
"http://data.europa.eu/esco/skill/c9f4efcd-e16a-4515-a0cb-60c6c479853d","","""2026-02-10T05:55:45.210Z""","","Skill","actuarial science","technical","ESCO"
"http://data.europa.eu/esco/skill/29eaa382-a9b3-4965-b32b-5e7dedd3a25c","","""2026-02-10T05:55:45.243Z""","","Skill","acupressure","technical","ESCO"
"http://data.europa.eu/esco/skill/f4eede2b-492c-4b1d-b118-ce681859a712","","""2026-02-10T05:55:45.280Z""","","Skill","acupuncture methods","technical","ESCO"
"http://data.europa.eu/esco/skill/9b9244b4-6f62-4834-839b-19e9eba0a407","","""2026-02-10T05:55:45.313Z""","","Skill","acute care","technical","ESCO"
"http://data.europa.eu/esco/skill/65209d28-1ba7-4b39-9d89-cadf9493c3be","","""2026-02-10T05:55:45.367Z""","","Skill","adapt a script","technical","ESCO"
"http://data.europa.eu/esco/skill/409b165c-ddae-4366-aeac-fa95c79e57a9","","""2026-02-10T05:55:45.406Z""","","Skill","adapt artistic plan to location","technical","ESCO"
"http://data.europa.eu/esco/skill/254235cd-d928-49d1-ae51-b7c909404fe1","","""2026-02-10T05:55:45.459Z""","","Skill","adapt communication style according to recipient","technical","ESCO"
"http://data.europa.eu/esco/skill/8ce089ee-cb1e-49d0-b7a3-a11d07b28525","","""2026-02-10T05:55:45.493Z""","","Skill","adapt costumes","technical","ESCO"
"http://data.europa.eu/esco/skill/892f8e2f-189a-41d5-a4b6-b8e2afb99974","","""2026-02-10T05:55:45.534Z""","","Skill","adapt designers’ work to the performance venue","technical","ESCO"
"http://data.europa.eu/esco/skill/ea876ec3-4382-478c-b8b3-600c6b23ae85","","""2026-02-10T05:55:45.606Z""","","Skill","adapt developed game to the market","technical","ESCO"
"http://data.europa.eu/esco/skill/ce541a71-0eaa-40e7-999d-793d1f16fa4c","","""2026-02-10T05:55:45.661Z""","","Skill","adapt efficient food processing practices","technical","ESCO"
"http://data.europa.eu/esco/skill/f191c306-f0eb-4cb8-82fb-3331adbbc6f1","","""2026-02-10T05:55:45.699Z""","","Skill","adapt energy distribution schedules","technical","ESCO"
"http://data.europa.eu/esco/skill/c0733631-0c5e-4b5c-a291-aad52ca493ce","","""2026-02-10T05:55:45.734Z""","","Skill","adapt existing designs to changed circumstances","technical","ESCO"
"http://data.europa.eu/esco/skill/2ef14732-87de-4592-b968-bb6920e7e294","","""2026-02-10T05:55:45.770Z""","","Skill","adapt fighting techniques for performance","technical","ESCO"
"http://data.europa.eu/esco/skill/5d589320-2a07-4994-837d-334b57f283d5","","""2026-02-10T05:55:45.863Z""","","Skill","adapt fitness exercises","technical","ESCO"
"http://data.europa.eu/esco/skill/9fec670e-4427-482f-b2ce-6355cba6b68e","","""2026-02-10T05:55:45.917Z""","","Skill","adapt hearing tests","technical","ESCO"
"http://data.europa.eu/esco/skill/b4832996-b36c-40b2-b54e-780325b2546e","","""2026-02-10T05:55:45.962Z""","","Skill","adapt instruction to labour market","technical","ESCO"
"http://data.europa.eu/esco/skill/79c012c7-4b09-497e-8152-e73e5d1d3384","","""2026-02-10T05:55:46.010Z""","","Skill","adapt leadership styles in healthcare","technical","ESCO"
"http://data.europa.eu/esco/skill/40ee68b0-9f80-4607-9a2d-998385cc261f","","""2026-02-10T05:55:46.063Z""","","Skill","adapt lifestyle to perform at the highest level in sport","technical","ESCO"
"http://data.europa.eu/esco/skill/a702736a-f400-49bf-b929-1719ef2eb5d6","","""2026-02-10T05:55:46.123Z""","","Skill","adapt Pilates exercises","technical","ESCO"
"http://data.europa.eu/esco/skill/6e9aaf01-f2a4-4405-9733-29dc9825efa9","","""2026-02-10T05:55:46.165Z""","","Skill","adapt production levels","technical","ESCO"
"http://data.europa.eu/esco/skill/28a8aa5e-b4e7-4ff7-93eb-dcc28b5e59af","","""2026-02-10T05:55:46.212Z""","","Skill","adapt props","technical","ESCO"
"http://data.europa.eu/esco/skill/2065ebac-6c3d-4474-9978-57a08a8c64a5","","""2026-02-10T05:55:46.251Z""","","Skill","adapt sets","technical","ESCO"
"http://data.europa.eu/esco/skill/573d3f91-c81c-407e-a56d-0f3a63272b43","","""2026-02-10T05:55:46.456Z""","","Skill","adapt teaching to student's capabilities","technical","ESCO"
"http://data.europa.eu/esco/skill/b2a9587a-49a4-4384-b134-0d394be806e3","","""2026-02-10T05:55:46.521Z""","","Skill","adapt teaching to target group","technical","ESCO"
"http://data.europa.eu/esco/skill/839f05ab-c8e0-4893-8b41-9fcae53e71f3","","""2026-02-10T05:55:46.599Z""","","Skill","adapt text culturally","technical","ESCO"
"http://data.europa.eu/esco/skill/591dd514-735b-46e4-a28d-3a4c42f49b72","","""2026-02-10T05:55:46.637Z""","","Skill","adapt to artists' creative demands","technical","ESCO"
"http://data.europa.eu/esco/skill/49de9958-2aa4-4eef-a89d-fe5d5bcd28c4","","""2026-02-10T05:55:46.685Z""","","Skill","adapt to change","technical","ESCO"
"http://data.europa.eu/esco/skill/2daa2d63-07ef-4c16-b0f3-697bbb6fc205","","""2026-02-10T05:55:46.940Z""","","Skill","adapt to change in marketing","technical","ESCO"
"http://data.europa.eu/esco/skill/9207098f-d6fc-444b-bc92-d286d03d7729","","""2026-02-10T05:55:46.986Z""","","Skill","adapt to changes in forestry","technical","ESCO"
"http://data.europa.eu/esco/skill/f5308e60-d763-4ead-be95-88c96fb3e02b","","""2026-02-10T05:55:47.017Z""","","Skill","adapt to changes in technological development plans","technical","ESCO"
"http://data.europa.eu/esco/skill/3dd4f292-65a5-4883-8217-c05d15140669","","""2026-02-10T05:55:47.063Z""","","Skill","adapt to changes on a boat","technical","ESCO"
"http://data.europa.eu/esco/skill/5592ab32-4e7a-4cda-8e64-ca36d5de8a10","","""2026-02-10T05:55:47.107Z""","","Skill","adapt to changing situations","technical","ESCO"
"http://data.europa.eu/esco/skill/f34ee429-b36d-49f9-a927-80b67a467cc8","","""2026-02-10T05:55:47.150Z""","","Skill","adapt to different roles","technical","ESCO"
"http://data.europa.eu/esco/skill/3577e49b-951d-4d46-a1f4-417087a8fb6d","","""2026-02-10T05:55:47.186Z""","","Skill","adapt to different weather conditions","technical","ESCO"
"http://data.europa.eu/esco/skill/21c35dda-555a-4db7-8984-c01dcd8ad865","","""2026-02-10T05:55:47.220Z""","","Skill","adapt to emergency care environment","technical","ESCO"
"http://data.europa.eu/esco/skill/63e21f22-0aa9-4337-87e4-46e8008f1524","","""2026-02-10T05:55:47.272Z""","","Skill","adapt to new design materials","technical","ESCO"
"http://data.europa.eu/esco/skill/5ca9f3d6-d7dd-4bb1-a4ca-75c6b14b7b6f","","""2026-02-10T05:55:47.501Z""","","Skill","adapt to new technology used in cars","technical","ESCO"
"http://data.europa.eu/esco/skill/7378b8c3-3b62-46de-9d67-1c9528954615","","""2026-02-10T05:55:47.533Z""","","Skill","adapt to type of media","technical","ESCO"
"http://data.europa.eu/esco/skill/83c88276-6eb9-4749-94e5-5155bd475d51","","""2026-02-10T05:55:47.564Z""","","Skill","adapt voice register to the audio material","technical","ESCO"
"http://data.europa.eu/esco/skill/9d4d6f90-6564-4ffe-a9b2-9ed5d09de5df","","""2026-02-10T05:55:47.635Z""","","Skill","add chemicals to drilling fluid","technical","ESCO"
"http://data.europa.eu/esco/skill/aba9e850-623b-46e2-9ce1-82a87bf34df5","","""2026-02-10T05:55:47.674Z""","","Skill","add coils to ceramic work","technical","ESCO"
"http://data.europa.eu/esco/skill/157568b3-11d6-4aee-a007-b97e8fe9ca39","","""2026-02-10T05:55:47.713Z""","","Skill","add colour","technical","ESCO"
"http://data.europa.eu/esco/skill/487fd260-be20-4980-a8e4-b819f0b549f1","","""2026-02-10T05:55:47.804Z""","","Skill","add computer components","technical","ESCO"
"http://data.europa.eu/esco/skill/3bf78e05-5ef1-4cce-906c-9dca91105bb3","","""2026-02-10T05:55:47.836Z""","","Skill","add elocution techniques to recording audio materials","technical","ESCO"
"http://data.europa.eu/esco/skill/69282ad4-8793-421e-a42c-636b75f32aac","","""2026-02-10T05:55:47.869Z""","","Skill","add paint hardeners","technical","ESCO"
"http://data.europa.eu/esco/skill/d30d9f4a-a541-4174-b197-232695a668c6","","""2026-02-10T05:55:47.906Z""","","Skill","add paint thinners","technical","ESCO"
"http://data.europa.eu/esco/skill/c4275b3b-77ab-4f7f-a9aa-27ee092fd67e","","""2026-02-10T05:55:47.962Z""","","Skill","add scent","technical","ESCO"
"http://data.europa.eu/esco/skill/7c4fc5e4-10cc-4457-9038-77907fee1290","","""2026-02-10T05:55:48.017Z""","","Skill","add slabs to ceramic work","technical","ESCO"
"http://data.europa.eu/esco/skill/4efae845-a71a-4b10-a245-f996394cccf4","","""2026-02-10T05:55:48.131Z""","","Skill","address aircraft mechanical issues","technical","ESCO"
"http://data.europa.eu/esco/skill/609a8ac1-9d29-4237-9886-596dbbe7ca8a","","""2026-02-10T05:55:48.218Z""","","Skill","address an audience","technical","ESCO"
"http://data.europa.eu/esco/skill/502c2af4-5290-425c-a51a-2faf944e66c3","","""2026-02-10T05:55:48.329Z""","","Skill","address gender-related issues in family planning counselling","technical","ESCO"
"http://data.europa.eu/esco/skill/a8604296-8796-40e9-aa42-3f4f1b0b252d","","""2026-02-10T05:55:48.407Z""","","Skill","address potential aerodrome hazards","technical","ESCO"
"http://data.europa.eu/esco/skill/b9f16465-56a9-426b-a047-0f9f1f95ec92","","""2026-02-10T05:55:48.537Z""","","Skill","address problems critically","technical","ESCO"
"http://data.europa.eu/esco/skill/1cebfd4f-2ab3-480a-a3c8-8065a303717d","","""2026-02-10T05:55:48.577Z""","","Skill","address public health issues","technical","ESCO"
"http://data.europa.eu/esco/skill/2f92c4ed-279c-467e-82bd-4709172514f5","","""2026-02-10T05:55:48.636Z""","","Skill","address side effects of menopause","technical","ESCO"
"http://data.europa.eu/esco/skill/68aefa78-9a8c-4d5f-879a-abcfe1cd464f","","""2026-02-10T05:55:48.706Z""","","Skill","adhere to health well-being and safety","technical","ESCO"
"http://data.europa.eu/esco/skill/2d9aaad3-a3c8-4c5b-bf67-46984d860873","","""2026-02-10T05:55:48.772Z""","","Skill","adhere to OHSAS 18001","technical","ESCO"
"http://data.europa.eu/esco/skill/d2564da5-c21f-4c02-8887-c78a001bb183","","""2026-02-10T05:55:48.838Z""","","Skill","adhere to organisational code of ethics","technical","ESCO"
"http://data.europa.eu/esco/skill/aa238394-8126-4ada-be2f-9dfe065cf314","","""2026-02-10T05:55:48.876Z""","","Skill","adhere to organisational guidelines","technical","ESCO"
"http://data.europa.eu/esco/skill/e7114462-379a-4fc4-8d7f-37b66734b52e","","""2026-02-10T05:55:48.929Z""","","Skill","adhere to questionnaires","technical","ESCO"
"http://data.europa.eu/esco/skill/6d7e3b0c-3995-4953-816d-cf3c5e9ffe34","","""2026-02-10T05:55:48.999Z""","","Skill","adhere to standard procedures","technical","ESCO"
"http://data.europa.eu/esco/skill/5d099b8d-eae9-457f-a9ae-0fe5395ece05","","""2026-02-10T05:55:49.065Z""","","Skill","adhere to standards of national and international safety programmes","technical","ESCO"
"http://data.europa.eu/esco/skill/c78456d8-9633-4639-ad36-5755628f596d","","""2026-02-10T05:55:49.113Z""","","Skill","adhere to traffic regulations on inland waterways","technical","ESCO"
"http://data.europa.eu/esco/skill/e162e52d-204c-41f6-91ad-8ea2654a1606","","""2026-02-10T05:55:49.199Z""","","Skill","adhere to transportation work schedule","technical","ESCO"
"http://data.europa.eu/esco/skill/a0427808-b57d-41fe-b71c-ee0b620579f6","","""2026-02-10T05:55:49.254Z""","","Skill","adhesives","technical","ESCO"
"http://data.europa.eu/esco/skill/b2fb2282-ac76-4565-b156-86b13266865b","","""2026-02-10T05:55:49.313Z""","","Skill","adjust bag inside tyres","technical","ESCO"
"http://data.europa.eu/esco/skill/164c9146-dbe9-4004-a78b-d04b00784211","","""2026-02-10T05:55:49.354Z""","","Skill","adjust burner controls","technical","ESCO"
"http://data.europa.eu/esco/skill/212ec074-7b68-45f6-9fda-d6a5e24f9b33","","""2026-02-10T05:55:49.395Z""","","Skill","adjust clay burning level","technical","ESCO"
"http://data.europa.eu/esco/skill/3eed7aa9-5b82-4553-b46f-16c3dcdc0742","","""2026-02-10T05:55:49.447Z""","","Skill","adjust clothes","technical","ESCO"
"http://data.europa.eu/esco/skill/1b1d3540-4c65-4d9f-aa14-f6e200e810d1","","""2026-02-10T05:55:49.506Z""","","Skill","adjust cochlear implants","technical","ESCO"
"http://data.europa.eu/esco/skill/c9fc5253-fb7c-48c2-977a-93c862c5f4ef","","""2026-02-10T05:55:49.556Z""","","Skill","adjust curing ovens","technical","ESCO"
"http://data.europa.eu/esco/skill/910a77a6-a513-43dc-bdef-727a9c79b45f","","""2026-02-10T05:55:49.601Z""","","Skill","adjust cylinder valves","technical","ESCO"
"http://data.europa.eu/esco/skill/d24e13e9-87c8-416c-b415-88d06345165b","","""2026-02-10T05:55:49.637Z""","","Skill","adjust drying process to goods","technical","ESCO"
"http://data.europa.eu/esco/skill/42b23922-1c40-4dbe-9e0c-7a568dfdf06b","","""2026-02-10T05:55:49.678Z""","","Skill","adjust engineering designs","technical","ESCO"
"http://data.europa.eu/esco/skill/0156865e-5010-4908-8e0f-ce3aebc2d136","","""2026-02-10T05:55:49.897Z""","","Skill","adjust envelope cutting settings","technical","ESCO"
"http://data.europa.eu/esco/skill/2181d77e-d515-49fa-b638-0be505c18149","","""2026-02-10T05:55:49.934Z""","","Skill","adjust eyeglasses to fit customers","technical","ESCO"
"http://data.europa.eu/esco/skill/21dd2c29-5e33-4d7c-a58a-246731f74400","","""2026-02-10T05:55:49.972Z""","","Skill","adjust feeder tubes","technical","ESCO"
"http://data.europa.eu/esco/skill/9988ba79-a0c4-44a6-b287-48e0dfd21be9","","""2026-02-10T05:55:50.026Z""","","Skill","adjust fermentation processes","technical","ESCO"
"http://data.europa.eu/esco/skill/4fa3be83-9376-4723-bb74-c282ff2078f9","","""2026-02-10T05:55:50.093Z""","","Skill","adjust filament tension","technical","ESCO"
"http://data.europa.eu/esco/skill/96558031-aa47-4b56-a2d8-6eb5e3dbc52f","","""2026-02-10T05:55:50.127Z""","","Skill","adjust foil printing machine","technical","ESCO"
"http://data.europa.eu/esco/skill/5e25bd28-12cb-4f81-818b-286072fa4fe0","","""2026-02-10T05:55:50.166Z""","","Skill","adjust fold plates","technical","ESCO"
"http://data.europa.eu/esco/skill/2ebf1482-ea10-4d69-a5ca-50cdacbe2d95","","""2026-02-10T05:55:50.208Z""","","Skill","adjust fuel prices in line with company procedures","technical","ESCO"
"http://data.europa.eu/esco/skill/acf47388-b2d3-4f8b-aefa-085c93bf7926","","""2026-02-10T05:55:50.268Z""","","Skill","adjust glass sheets","technical","ESCO"
"http://data.europa.eu/esco/skill/ec0d2580-ee2f-45e6-a423-c69dd3f03868","","""2026-02-10T05:55:50.312Z""","","Skill","adjust hearing aids","technical","ESCO"
"http://data.europa.eu/esco/skill/b1604a2d-c26a-427d-bda9-b8073a319fe9","","""2026-02-10T05:55:50.361Z""","","Skill","adjust ICT system capacity","technical","ESCO"
"http://data.europa.eu/esco/skill/35138055-63cd-410a-91a7-29e9857bebbd","","""2026-02-10T05:55:50.419Z""","","Skill","adjust jewellery","technical","ESCO"
"http://data.europa.eu/esco/skill/dc0cad8e-14f6-4d0d-9aff-5de4c24be348","","""2026-02-10T05:55:50.473Z""","","Skill","adjust liquefaction temperature","technical","ESCO"
"http://data.europa.eu/esco/skill/dcd2bc5e-043a-433c-b74b-ce9504474341","","""2026-02-10T05:55:50.506Z""","","Skill","adjust manufacturing equipment","technical","ESCO"
"http://data.europa.eu/esco/skill/236c446a-f4ff-4893-850a-0d93250c551f","","""2026-02-10T05:55:50.545Z""","","Skill","adjust measuring machines","technical","ESCO"
"http://data.europa.eu/esco/skill/b49b136b-0dc3-41c4-9a39-ac1200a9fded","","""2026-02-10T05:55:50.654Z""","","Skill","adjust oven temperature","technical","ESCO"
"http://data.europa.eu/esco/skill/0ba7215f-3883-4ef6-a45f-65518333b400","","""2026-02-10T05:55:50.800Z""","","Skill","adjust paper bag machine","technical","ESCO"
"http://data.europa.eu/esco/skill/7cb694df-6002-4710-a5cf-33126022bbe2","","""2026-02-10T05:55:50.858Z""","","Skill","adjust paper cutter","technical","ESCO"
"http://data.europa.eu/esco/skill/4e673124-6a25-4bdd-a1c4-f02402c61d5d","","""2026-02-10T05:55:50.908Z""","","Skill","adjust paper stitching machine","technical","ESCO"
"http://data.europa.eu/esco/skill/0cd351e5-8798-482e-88a0-4d3eb8fec257","","""2026-02-10T05:55:50.952Z""","","Skill","adjust physiotherapy interventions","technical","ESCO"
"http://data.europa.eu/esco/skill/6be59d18-33f8-4e08-aa34-dd55de5b1528","","""2026-02-10T05:55:50.991Z""","","Skill","adjust planer","technical","ESCO"
"http://data.europa.eu/esco/skill/c54b03a9-fe20-42af-9e8a-f8896af4a4f9","","""2026-02-10T05:55:51.049Z""","","Skill","adjust priorities","technical","ESCO"
"http://data.europa.eu/esco/skill/0f7b4bf5-8d37-4205-bd61-fe0878e9d9e2","","""2026-02-10T05:55:51.102Z""","","Skill","adjust production schedule","technical","ESCO"
"http://data.europa.eu/esco/skill/a6d2edbd-5f87-40e0-a227-b7ae8c08db03","","""2026-02-10T05:55:51.136Z""","","Skill","adjust projector","technical","ESCO"
"http://data.europa.eu/esco/skill/8182e1fc-3933-4c4a-83bf-f77478a29949","","""2026-02-10T05:55:51.192Z""","","Skill","adjust properties of cut","technical","ESCO"
"http://data.europa.eu/esco/skill/aa97e194-91ca-418e-abb1-f1a42f2240d8","","""2026-02-10T05:55:51.229Z""","","Skill","adjust rolling slide","technical","ESCO"
"http://data.europa.eu/esco/skill/6c10e1c0-a7d2-4b58-9b8f-b1681d353255","","""2026-02-10T05:55:51.287Z""","","Skill","adjust rotogravure press","technical","ESCO"
"http://data.europa.eu/esco/skill/6a793311-f785-4948-9ae9-8c29f42414de","","""2026-02-10T05:55:51.332Z""","","Skill","adjust scraper bars","technical","ESCO"
"http://data.europa.eu/esco/skill/e65cd20a-1439-41bc-9487-ccb328db63a2","","""2026-02-10T05:55:51.387Z""","","Skill","adjust solutions' consistency","technical","ESCO"
"http://data.europa.eu/esco/skill/cab28271-5965-4fcf-9d64-0acb43d51cb6","","""2026-02-10T05:55:51.425Z""","","Skill","adjust sporting equipment","technical","ESCO"
"http://data.europa.eu/esco/skill/bb0069d2-0953-43d4-923b-18ad370bc2f3","","""2026-02-10T05:55:51.464Z""","","Skill","adjust surveying equipment","technical","ESCO"
"http://data.europa.eu/esco/skill/f31ca02e-5ad1-41dc-aed2-5a9a6db96bd2","","""2026-02-10T05:55:51.573Z""","","Skill","adjust temperature gauges","technical","ESCO"
"http://data.europa.eu/esco/skill/55b2821c-b1f1-4776-862e-926fa2ce3747","","""2026-02-10T05:55:51.616Z""","","Skill","adjust the performance to different environments","technical","ESCO"
"http://data.europa.eu/esco/skill/1874fc9d-9f87-44f4-8509-4539c36d5dd7","","""2026-02-10T05:55:51.652Z""","","Skill","adjust the rubber machines","technical","ESCO"
"http://data.europa.eu/esco/skill/101d2f56-bf4c-441b-b1ca-1d09d3b0f1d0","","""2026-02-10T05:55:51.706Z""","","Skill","adjust the varnish mixture","technical","ESCO"
"http://data.europa.eu/esco/skill/e9e263aa-11d7-41c8-bdb3-d823e4cbc1a7","","""2026-02-10T05:55:51.749Z""","","Skill","adjust the work during the creative process","technical","ESCO"
"http://data.europa.eu/esco/skill/b7b6db52-5bdf-49e9-95b6-f17827755a86","","""2026-02-10T05:55:51.818Z""","","Skill","adjust the work to the venue","technical","ESCO"
"http://data.europa.eu/esco/skill/ca64b48c-51ea-4c19-8074-b9cf819cfdd0","","""2026-02-10T05:55:51.859Z""","","Skill","adjust tightness of engine parts","technical","ESCO"
"http://data.europa.eu/esco/skill/ac3848a0-b460-4834-ac2d-ebac17f1b87b","","""2026-02-10T05:55:51.907Z""","","Skill","adjust tightness of pump components","technical","ESCO"
"http://data.europa.eu/esco/skill/68174d5f-1646-42e2-b765-6a66cd1e59ae","","""2026-02-10T05:55:51.944Z""","","Skill","adjust video transmissions","technical","ESCO"
"http://data.europa.eu/esco/skill/9a25b5b8-8b41-4dcd-8bd7-0034542836a2","","""2026-02-10T05:55:51.983Z""","","Skill","adjust voltage","technical","ESCO"
"http://data.europa.eu/esco/skill/ed32dff3-051f-4a94-b0a8-16377600503a","","""2026-02-10T05:55:52.031Z""","","Skill","adjust vulcanizing machine","technical","ESCO"
"http://data.europa.eu/esco/skill/5b1fe532-70b3-40e4-8bb3-2cad8dc2d517","","""2026-02-10T05:55:52.068Z""","","Skill","adjust weight of cargo to capacity of freight transport vehicles","technical","ESCO"
"http://data.europa.eu/esco/skill/b60b227f-aa4a-45ce-9efc-48643dff9993","","""2026-02-10T05:55:52.123Z""","","Skill","administer additives to tobacco","technical","ESCO"
"http://data.europa.eu/esco/skill/468e27bb-d5fa-4062-9d22-97e0d7546717","","""2026-02-10T05:55:52.170Z""","","Skill","administer anaesthetics to patients","technical","ESCO"
"http://data.europa.eu/esco/skill/933e7ccf-5d56-46ba-aca4-857f826a6b3a","","""2026-02-10T05:55:52.214Z""","","Skill","administer appointments","technical","ESCO"
"http://data.europa.eu/esco/skill/c75e9da7-ee3c-4e2d-abf5-972e650da9cd","","""2026-02-10T05:55:52.289Z""","","Skill","administer chemicals for beverage clarification","technical","ESCO"
"http://data.europa.eu/esco/skill/a5c062e6-adbd-436c-b26c-9ff558c5a2da","","""2026-02-10T05:55:52.351Z""","","Skill","administer chemicals to starch production","technical","ESCO"
"http://data.europa.eu/esco/skill/514210f5-9471-48ee-bb62-0160001522c5","","""2026-02-10T05:55:52.424Z""","","Skill","administer contrast media","technical","ESCO"
"http://data.europa.eu/esco/skill/4b28bf98-7e93-4364-9104-51fca5a5f20e","","""2026-02-10T05:55:52.475Z""","","Skill","administer debtor's assets","technical","ESCO"
"http://data.europa.eu/esco/skill/e952e573-6a42-4d57-ab9e-70902547cf48","","""2026-02-10T05:55:52.524Z""","","Skill","administer exams","technical","ESCO"
"http://data.europa.eu/esco/skill/6494a9d1-71cf-4c98-9321-9d8724f6764b","","""2026-02-10T05:55:52.643Z""","","Skill","administer hydrotherapy","technical","ESCO"
"http://data.europa.eu/esco/skill/0868eef3-2213-4572-9343-74931345a7d3","","""2026-02-10T05:55:52.690Z""","","Skill","administer ICT system","technical","ESCO"
"http://data.europa.eu/esco/skill/dd297859-0f31-43a4-aa5a-cddd5bf79d71","","""2026-02-10T05:55:52.720Z""","","Skill","administer immunotherapy","technical","ESCO"
"http://data.europa.eu/esco/skill/680f271f-4a7e-410a-aaaf-4f42c8f48251","","""2026-02-10T05:55:52.770Z""","","Skill","administer ingredients in food production","technical","ESCO"
"http://data.europa.eu/esco/skill/adcde86b-023a-4865-afec-45e1c343388e","","""2026-02-10T05:55:52.817Z""","","Skill","administer lactic ferment cultures to manufacturing products","technical","ESCO"
"http://data.europa.eu/esco/skill/ff08e1ac-8a6a-49d0-984a-e326a1c0afb8","","""2026-02-10T05:55:52.851Z""","","Skill","administer materials to tea bag machines","technical","ESCO"
"http://data.europa.eu/esco/skill/fb89a5bd-8f5e-43fd-9d08-907bd6d6e344","","""2026-02-10T05:55:52.883Z""","","Skill","administer medication for vision problems","technical","ESCO"
"http://data.europa.eu/esco/skill/f199955e-870e-4f44-aa65-51694449b6ce","","""2026-02-10T05:55:52.929Z""","","Skill","administer medication in emergency","technical","ESCO"
"http://data.europa.eu/esco/skill/52f6fca4-1ab6-4588-983d-15a278148961","","""2026-02-10T05:55:52.970Z""","","Skill","administer multi-modal logistics","technical","ESCO"
"http://data.europa.eu/esco/skill/7905835c-da6f-4162-8040-7c9aabc2f2d3","","""2026-02-10T05:55:53.005Z""","","Skill","administer oaths","technical","ESCO"
"http://data.europa.eu/esco/skill/1fd57242-267e-46df-bd8c-849fdd593a50","","""2026-02-10T05:55:53.127Z""","","Skill","administer prescribed medication","technical","ESCO"
"http://data.europa.eu/esco/skill/aee372b2-0587-48ba-85dd-05cbd1779f81","","""2026-02-10T05:55:53.158Z""","","Skill","administer radiation treatment","technical","ESCO"
"http://data.europa.eu/esco/skill/3c654660-5ace-419c-a60e-27aec8c022f8","","""2026-02-10T05:55:53.195Z""","","Skill","administer radiopharmaceuticals","technical","ESCO"
"http://data.europa.eu/esco/skill/19cfe26e-7360-4455-9721-bb342048df25","","""2026-02-10T05:55:53.233Z""","","Skill","administer radiotherapy","technical","ESCO"
"http://data.europa.eu/esco/skill/e9d625ad-ea81-4ff8-b3fe-ccc1bea65cb5","","""2026-02-10T05:55:53.293Z""","","Skill","administer specific drugs to facilitate breeding","technical","ESCO"
"http://data.europa.eu/esco/skill/b114c785-fffb-43be-960c-81bcca7829eb","","""2026-02-10T05:55:53.367Z""","","Skill","administer spray tans","technical","ESCO"
"http://data.europa.eu/esco/skill/f842b607-730e-4a01-b27d-12e3e4535975","","""2026-02-10T05:55:53.442Z""","","Skill","administer treatment to animals","technical","ESCO"
"http://data.europa.eu/esco/skill/209ae9a3-07c6-42d3-8cee-ddd7162eb8d5","","""2026-02-10T05:55:53.545Z""","","Skill","administer treatments to fish","technical","ESCO"
"http://data.europa.eu/esco/skill/49ef9f4c-3577-4780-ba2f-d068d1cde7bb","","""2026-02-10T05:55:53.581Z""","","Skill","administrative tasks in a medical environment","technical","ESCO"
"http://data.europa.eu/esco/skill/54ab6368-4834-4da4-9e30-7f7a8e8f984b","","""2026-02-10T05:55:53.647Z""","","Skill","admit basic metals to furnace","technical","ESCO"
"http://data.europa.eu/esco/skill/27b913f0-3c52-448b-ad27-fc6ef08fb326","","""2026-02-10T05:55:53.676Z""","","Skill","Adobe Illustrator","technical","ESCO"
"http://data.europa.eu/esco/skill/14ced458-5f4b-495f-bd3d-9c240614bda0","","""2026-02-10T05:55:53.773Z""","","Skill","Adobe Photoshop","technical","ESCO"
"http://data.europa.eu/esco/skill/d4ae4774-a81d-4255-8491-cade3580685a","","""2026-02-10T05:55:53.812Z""","","Skill","Adobe Photoshop Lightroom","technical","ESCO"
"http://data.europa.eu/esco/skill/52047630-b880-4939-bb19-6700187af031","","""2026-02-10T05:55:53.859Z""","","Skill","adolescence medicine","technical","ESCO"
"http://data.europa.eu/esco/skill/9ccecb58-e720-4465-b309-46e362ca6f75","","""2026-02-10T05:55:53.904Z""","","Skill","adolescent psychological development","technical","ESCO"
"http://data.europa.eu/esco/skill/4455aa7d-78ed-43e4-ab7e-afb48b35cc09","","""2026-02-10T05:55:53.963Z""","","Skill","adolescent socialisation behaviour","technical","ESCO"
"http://data.europa.eu/esco/skill/d51ba4dc-46a4-43f2-ad60-be7bbe4cc227","","""2026-02-10T05:55:54.002Z""","","Skill","adopt a person-centred approach to community arts","technical","ESCO"
"http://data.europa.eu/esco/skill/96d04e79-b290-4275-8ca2-df5ff4845737","","""2026-02-10T05:55:54.060Z""","","Skill","adopt a relaxed posture","technical","ESCO"
"http://data.europa.eu/esco/skill/60856bbb-e5db-4398-babb-300a24a7fe97","","""2026-02-10T05:55:54.138Z""","","Skill","adult education","technical","ESCO"
"http://data.europa.eu/esco/skill/b4cbf8ca-4f21-4151-8f54-8032fbac70bb","","""2026-02-10T05:55:54.187Z""","","Skill","advertise an art collection","technical","ESCO"
"http://data.europa.eu/esco/skill/cacc293c-13a0-468c-96c1-31a6d4c1c0ba","","""2026-02-10T05:55:54.234Z""","","Skill","advertise auction sales","technical","ESCO"
"http://data.europa.eu/esco/skill/519955e7-065f-45e1-8808-30fe8238dd8c","","""2026-02-10T05:55:54.289Z""","","Skill","advertise new book releases","technical","ESCO"
"http://data.europa.eu/esco/skill/aed5deff-a7bb-47ce-b31f-4b16851ad434","","""2026-02-10T05:55:54.333Z""","","Skill","advertise sport venue","technical","ESCO"
"http://data.europa.eu/esco/skill/f38c18f1-f44a-42f2-b9f1-92064258e37a","","""2026-02-10T05:55:54.383Z""","","Skill","advertise the gallery","technical","ESCO"
"http://data.europa.eu/esco/skill/360bad99-6286-4db4-aefc-e3be77b5c978","","""2026-02-10T05:55:54.418Z""","","Skill","advertise travel insurance","technical","ESCO"
"http://data.europa.eu/esco/skill/aba1f05b-f312-47d8-be71-7c574134de8f","","""2026-02-10T05:55:54.477Z""","","Skill","advertising techniques","technical","ESCO"
"http://data.europa.eu/esco/skill/55a41634-f4ca-4248-9d12-acd45579ddf0","","""2026-02-10T05:55:54.510Z""","","Skill","advise aircraft in hazardous conditions","technical","ESCO"
"http://data.europa.eu/esco/skill/d329b1ed-6e7a-400e-bca2-7c1936fbfbcb","","""2026-02-10T05:55:54.544Z""","","Skill","advise architects","technical","ESCO"
"http://data.europa.eu/esco/skill/7b3abd38-61ae-42a4-88bb-0884784f9ee1","","""2026-02-10T05:55:54.591Z""","","Skill","advise client on technical possibilities","technical","ESCO"
"http://data.europa.eu/esco/skill/c2372772-70c1-4e06-b9b2-e81402d3a7c7","","""2026-02-10T05:55:54.627Z""","","Skill","advise clients on interior design options","technical","ESCO"
"http://data.europa.eu/esco/skill/440ad7e8-79e6-4530-b67b-63f2de3c2b3d","","""2026-02-10T05:55:54.691Z""","","Skill","advise clients on moving services","technical","ESCO"
"http://data.europa.eu/esco/skill/175523c0-722a-4de6-adc0-6d47684c408a","","""2026-02-10T05:55:54.751Z""","","Skill","advise contractors","technical","ESCO"
"http://data.europa.eu/esco/skill/00ff06cc-103f-4c85-b5df-6f75acff6abf","","""2026-02-10T05:55:54.792Z""","","Skill","advise customers","technical","ESCO"
"http://data.europa.eu/esco/skill/1d2c317c-9921-4df1-85be-1eed1189d85e","","""2026-02-10T05:55:54.844Z""","","Skill","advise customers on accessories to complement clothing","technical","ESCO"
"http://data.europa.eu/esco/skill/7b8d575c-7496-413f-9747-788afe0debb6","","""2026-02-10T05:55:54.877Z""","","Skill","advise customers on alcoholic beverages' harmony with food","technical","ESCO"
"http://data.europa.eu/esco/skill/0f829ca3-7352-4a54-a991-b2fb3412c94c","","""2026-02-10T05:55:55.018Z""","","Skill","advise customers on appropriate pet care","technical","ESCO"
"http://data.europa.eu/esco/skill/49321bf1-b20e-4aa1-a721-67b0ddfcea73","","""2026-02-10T05:55:55.059Z""","","Skill","advise customers on audiology products","technical","ESCO"
"http://data.europa.eu/esco/skill/b3444d1c-a325-4b5c-a997-2f467b15641a","","""2026-02-10T05:55:55.110Z""","","Skill","advise customers on audiovisual equipment installation","technical","ESCO"
"http://data.europa.eu/esco/skill/1ae87121-b1c6-4295-a8b6-63b055f653ff","","""2026-02-10T05:55:55.150Z""","","Skill","advise customers on bicycles","technical","ESCO"
"http://data.europa.eu/esco/skill/ab5d6fe2-b83a-4291-9947-efed7a2f29c5","","""2026-02-10T05:55:55.187Z""","","Skill","advise customers on body adornment","technical","ESCO"
"http://data.europa.eu/esco/skill/dfd2a243-a937-46a8-a919-20265943fc83","","""2026-02-10T05:55:55.222Z""","","Skill","advise customers on books selection","technical","ESCO"
"http://data.europa.eu/esco/skill/1b73b2a7-aefc-49ef-8b30-b90ca7429984","","""2026-02-10T05:55:55.252Z""","","Skill","advise customers on building materials","technical","ESCO"
"http://data.europa.eu/esco/skill/3f5feb70-81c6-4afa-879a-fa588c4d4ded","","""2026-02-10T05:55:55.304Z""","","Skill","advise customers on clocks","technical","ESCO"
"http://data.europa.eu/esco/skill/fa305217-ea51-47b4-9c95-e173074fb61d","","""2026-02-10T05:55:55.402Z""","","Skill","advise customers on crafts","technical","ESCO"
"http://data.europa.eu/esco/skill/2f0f58f9-7dbf-4bd2-af1a-2c3678f4d851","","""2026-02-10T05:55:55.436Z""","","Skill","advise customers on delicatessen selection","technical","ESCO"
"http://data.europa.eu/esco/skill/30907443-4253-4477-a758-5e2c0d6feb72","","""2026-02-10T05:55:55.504Z""","","Skill","advise customers on electrical household appliances' installation","technical","ESCO"
"http://data.europa.eu/esco/skill/8ae33ff1-cc03-496d-8864-a8dc23cd4d0f","","""2026-02-10T05:55:55.539Z""","","Skill","advise customers on electronic cigarettes","technical","ESCO"
"http://data.europa.eu/esco/skill/5ce20598-7829-4e8b-a508-d5860808301e","","""2026-02-10T05:55:55.604Z""","","Skill","advise customers on eyewear maintenance","technical","ESCO"
"http://data.europa.eu/esco/skill/ed6915ee-ef99-4630-ac32-3dfbb6ff64df","","""2026-02-10T05:55:55.645Z""","","Skill","advise customers on financing options for vehicles","technical","ESCO"
"http://data.europa.eu/esco/skill/a6cdcc8e-ef0c-4786-8c0a-2f4c48c516bb","","""2026-02-10T05:55:55.710Z""","","Skill","advise customers on hearing aids","technical","ESCO"
"http://data.europa.eu/esco/skill/1dcfa7d1-cfa9-4d40-9c82-e045d9b27232","","""2026-02-10T05:55:55.771Z""","","Skill","advise customers on jewellery and watches","technical","ESCO"
"http://data.europa.eu/esco/skill/b6a947f2-91d2-4b7c-9f1e-9f58686e5ff9","","""2026-02-10T05:55:55.802Z""","","Skill","advise customers on leather footwear maintenance","technical","ESCO"
"http://data.europa.eu/esco/skill/bd446d86-01e5-4e3b-a133-287433c98055","","""2026-02-10T05:55:55.834Z""","","Skill","advise customers on maintaining bread products","technical","ESCO"
"http://data.europa.eu/esco/skill/a4e9d55c-90e5-46fb-b275-fcb0d0a7fa8d","","""2026-02-10T05:55:55.865Z""","","Skill","advise customers on maintaining optical products","technical","ESCO"
"http://data.europa.eu/esco/skill/9e49e977-04db-4877-80ba-0ee6f36cccc8","","""2026-02-10T05:55:55.899Z""","","Skill","advise customers on maintenance of parquet floors","technical","ESCO"
"http://data.europa.eu/esco/skill/fa01d9a8-34ee-497f-a8ac-27726695a14d","","""2026-02-10T05:55:55.933Z""","","Skill","advise customers on motor vehicles","technical","ESCO"
"http://data.europa.eu/esco/skill/8a6c6fe0-bbd1-4225-b8cb-246ddde8e73d","","""2026-02-10T05:55:55.963Z""","","Skill","advise customers on new equipment","technical","ESCO"
"http://data.europa.eu/esco/skill/886f4899-872a-4100-94ac-d331e827a99d","","""2026-02-10T05:55:56.054Z""","","Skill","advise customers on optical instruments maintenance","technical","ESCO"
"http://data.europa.eu/esco/skill/271dc8e9-2c99-48a4-b7fa-c151792a27cd","","""2026-02-10T05:55:56.102Z""","","Skill","advise customers on photography","technical","ESCO"
"http://data.europa.eu/esco/skill/8c963be4-1f3a-41df-9a57-fcfd32dcfb84","","""2026-02-10T05:55:56.137Z""","","Skill","advise customers on power requirements of products","technical","ESCO"
"http://data.europa.eu/esco/skill/8ec1be12-81a7-49e6-9726-973ecf2e7f1d","","""2026-02-10T05:55:56.167Z""","","Skill","advise customers on preparation of fruits and vegetables","technical","ESCO"
"http://data.europa.eu/esco/skill/08be1642-5cbe-485e-a1e5-3921ecaea755","","""2026-02-10T05:55:56.212Z""","","Skill","advise customers on preparation of meat products","technical","ESCO"
"http://data.europa.eu/esco/skill/d77adf23-16f2-4e9b-ba51-7cc5da54940c","","""2026-02-10T05:55:56.257Z""","","Skill","advise customers on purchasing furniture appliances","technical","ESCO"
"http://data.europa.eu/esco/skill/ba74f3e5-4494-405c-8d98-7032f2a883ba","","""2026-02-10T05:55:56.304Z""","","Skill","advise customers on seafood choices","technical","ESCO"
"http://data.europa.eu/esco/skill/c7420d1c-f47d-43ae-a2ed-4d43d19d71f4","","""2026-02-10T05:55:56.346Z""","","Skill","advise customers on sewing patterns","technical","ESCO"
"http://data.europa.eu/esco/skill/de00a85b-3654-4e7a-b967-afe857e8dc2e","","""2026-02-10T05:55:56.382Z""","","Skill","advise customers on storage of fruits and vegetables","technical","ESCO"
"http://data.europa.eu/esco/skill/e4019788-314f-460d-8a58-84297e2718c8","","""2026-02-10T05:55:56.462Z""","","Skill","advise customers on storage of meat products","technical","ESCO"
"http://data.europa.eu/esco/skill/3378744b-d0ee-4c8d-90ec-19d1260ca01f","","""2026-02-10T05:55:56.531Z""","","Skill","advise customers on the preparation of beverages","technical","ESCO"
"http://data.europa.eu/esco/skill/b3fc5018-ff7b-46fd-be18-dd4148e9b241","","""2026-02-10T05:55:56.638Z""","","Skill","advise customers on type of computer equipment","technical","ESCO"
"http://data.europa.eu/esco/skill/ae697c12-e99e-4ad7-9b36-040afef5861b","","""2026-02-10T05:55:56.668Z""","","Skill","advise customers on type of sporting equipment for specific purposes","technical","ESCO"
"http://data.europa.eu/esco/skill/9ebefa04-1a5d-4e85-b98b-5d50f52d8052","","""2026-02-10T05:55:56.705Z""","","Skill","advise customers on types of flowers","technical","ESCO"
"http://data.europa.eu/esco/skill/02ae2a55-4b7c-41d2-86ec-9a2a38b73fe6","","""2026-02-10T05:55:56.736Z""","","Skill","advise customers on usage of care products for pets","technical","ESCO"
"http://data.europa.eu/esco/skill/78ecad49-4579-4e6d-932e-edeaada0fdfe","","""2026-02-10T05:55:56.774Z""","","Skill","advise customers on usage of cosmetics","technical","ESCO"
"http://data.europa.eu/esco/skill/163f98f3-a8a7-4008-be49-87f4c7d27738","","""2026-02-10T05:55:56.816Z""","","Skill","advise customers on usage of medical products","technical","ESCO"
"http://data.europa.eu/esco/skill/d8624d9f-6acb-49cc-9401-2f1abf96f5de","","""2026-02-10T05:55:56.855Z""","","Skill","advise customers on usage of vehicles","technical","ESCO"
"http://data.europa.eu/esco/skill/32a8f461-2878-4387-81a7-c3b2db272a37","","""2026-02-10T05:55:56.893Z""","","Skill","advise customers on using confectionary products","technical","ESCO"
"http://data.europa.eu/esco/skill/4ed6d13e-a39e-4033-b1ae-d6f2c616d834","","""2026-02-10T05:55:56.923Z""","","Skill","advise customers on vehicle's extra services","technical","ESCO"
"http://data.europa.eu/esco/skill/3b5d16de-6894-4712-aa52-86f1e2c48f0d","","""2026-02-10T05:55:56.954Z""","","Skill","advise customers on wood products","technical","ESCO"
"http://data.europa.eu/esco/skill/7ef2fc4f-1d8a-4169-bad3-20f5cd878e35","","""2026-02-10T05:55:56.984Z""","","Skill","advise food industry","technical","ESCO"
"http://data.europa.eu/esco/skill/6828d641-3703-4379-a43b-375fe8278757","","""2026-02-10T05:55:57.021Z""","","Skill","advise food processing professionals","technical","ESCO"
"http://data.europa.eu/esco/skill/449f85e3-22e6-44d3-a295-b2fb1ab8b494","","""2026-02-10T05:55:57.050Z""","","Skill","advise guests on menus for special events","technical","ESCO"
"http://data.europa.eu/esco/skill/9d572a68-dacf-4043-b38c-9629d3fb9373","","""2026-02-10T05:55:57.085Z""","","Skill","advise horse owners on farriery requirements","technical","ESCO"
"http://data.europa.eu/esco/skill/172112b9-1cf8-4b7c-818b-06f0205e52b3","","""2026-02-10T05:55:57.122Z""","","Skill","advise land owners of bridge inspection","technical","ESCO"
"http://data.europa.eu/esco/skill/27a87847-f6cc-4e49-af0b-3d17da351af6","","""2026-02-10T05:55:57.153Z""","","Skill","advise legislators","technical","ESCO"
"http://data.europa.eu/esco/skill/5c5dae25-f511-4bdd-bbd4-572ab3e6e962","","""2026-02-10T05:55:57.207Z""","","Skill","advise medical staff","technical","ESCO"
"http://data.europa.eu/esco/skill/9caea66c-68d6-4dd9-bfec-b106aa6f235a","","""2026-02-10T05:55:57.250Z""","","Skill","advise museum director","technical","ESCO"
"http://data.europa.eu/esco/skill/10f04ffe-7435-44d4-9f6f-6bf6e87b9a0e","","""2026-02-10T05:55:57.292Z""","","Skill","advise on acquisitions","technical","ESCO"
"http://data.europa.eu/esco/skill/4b4f0c8a-828c-4370-b793-65cef69cdf8a","","""2026-02-10T05:55:57.348Z""","","Skill","advise on animal purchase","technical","ESCO"
"http://data.europa.eu/esco/skill/f2711363-fced-40af-837e-5cea0c7f0604","","""2026-02-10T05:55:57.378Z""","","Skill","advise on animal welfare","technical","ESCO"
"http://data.europa.eu/esco/skill/ad1a9aae-1edc-4863-bf5a-72864e127ff4","","""2026-02-10T05:55:57.410Z""","","Skill","advise on aquaculture products supply chain","technical","ESCO"
"http://data.europa.eu/esco/skill/910b818b-bc24-4d17-844e-941a8bc997a9","","""2026-02-10T05:55:57.443Z""","","Skill","advise on architectural matters","technical","ESCO"
"http://data.europa.eu/esco/skill/9427e576-743c-4e36-bd73-5f1cb273daf7","","""2026-02-10T05:55:57.473Z""","","Skill","advise on art handling","technical","ESCO"
"http://data.europa.eu/esco/skill/ff1932ed-7889-45ae-8a6d-1734e8e3117f","","""2026-02-10T05:55:57.503Z""","","Skill","advise on bank account","technical","ESCO"
"http://data.europa.eu/esco/skill/04dcfb3b-d6ac-4044-a35f-a633d3816c28","","""2026-02-10T05:55:57.538Z""","","Skill","advise on bankruptcy proceedings","technical","ESCO"
"http://data.europa.eu/esco/skill/9354ac54-6d2c-4952-a0a4-188f0406d282","","""2026-02-10T05:55:57.574Z""","","Skill","advise on beer production","technical","ESCO"
"http://data.europa.eu/esco/skill/e667717e-b119-4def-9a0b-a356e0420770","","""2026-02-10T05:55:57.670Z""","","Skill","advise on betting","technical","ESCO"
"http://data.europa.eu/esco/skill/3bc2f41c-fd12-4e01-b60f-4b257fe6a7f0","","""2026-02-10T05:55:57.716Z""","","Skill","advise on bridge replacement","technical","ESCO"
"http://data.europa.eu/esco/skill/3b64ab47-a874-403a-b781-7b23c2fc3c6c","","""2026-02-10T05:55:57.746Z""","","Skill","advise on building matters","technical","ESCO"
"http://data.europa.eu/esco/skill/855f15f1-3add-44b9-a724-7d0be617fdb2","","""2026-02-10T05:55:57.778Z""","","Skill","advise on career","technical","ESCO"
"http://data.europa.eu/esco/skill/c34831bc-3243-4493-9e91-ab1f789520a4","","""2026-02-10T05:55:57.841Z""","","Skill","advise on classroom guidance strategies","technical","ESCO"
"http://data.europa.eu/esco/skill/01ffbbf3-0c62-45e0-92d9-01a86dc7c81d","","""2026-02-10T05:55:57.873Z""","","Skill","advise on clay products handling","technical","ESCO"
"http://data.europa.eu/esco/skill/cd76316c-23e5-449a-a0c4-598bf7ee1a5a","","""2026-02-10T05:55:57.904Z""","","Skill","advise on clothing style","technical","ESCO"
"http://data.europa.eu/esco/skill/69f36674-440a-4fa0-89f9-1b70172ebb9d","","""2026-02-10T05:55:57.946Z""","","Skill","advise on communication strategies","technical","ESCO"
"http://data.europa.eu/esco/skill/9091c8e5-9357-4c29-bceb-ddb1792c22e8","","""2026-02-10T05:55:57.978Z""","","Skill","advise on conflict management","technical","ESCO"
"http://data.europa.eu/esco/skill/01c03003-516d-43c6-8477-45c472413521","","""2026-02-10T05:55:58.007Z""","","Skill","advise on construction materials","technical","ESCO"
"http://data.europa.eu/esco/skill/0719ac4d-9d0f-44ae-9067-5c29c2c343ef","","""2026-02-10T05:55:58.055Z""","","Skill","advise on consumer rights","technical","ESCO"
"http://data.europa.eu/esco/skill/db59cca2-7b61-4d28-9579-00bb4a81712e","","""2026-02-10T05:55:58.086Z""","","Skill","advise on contact lense maintenance","technical","ESCO"
"http://data.europa.eu/esco/skill/fb664081-cdb3-462b-b2dc-609292398191","","""2026-02-10T05:55:58.117Z""","","Skill","advise on control of conception","technical","ESCO"
"http://data.europa.eu/esco/skill/102b6ba8-452c-4f6b-8b3f-1ab5a2d02ffe","","""2026-02-10T05:55:58.166Z""","","Skill","advise on credit rating","technical","ESCO"
"http://data.europa.eu/esco/skill/142a5319-60cb-42a2-891f-90ba92af18b1","","""2026-02-10T05:55:58.197Z""","","Skill","advise on curriculum development","technical","ESCO"
"http://data.europa.eu/esco/skill/212ff284-458e-4837-be1e-66ae0ec2951f","","""2026-02-10T05:55:58.230Z""","","Skill","advise on dating","technical","ESCO"
"http://data.europa.eu/esco/skill/384ed14c-bf1f-4a65-aef6-6e711f43c4ce","","""2026-02-10T05:55:58.273Z""","","Skill","advise on economic development","technical","ESCO"
"http://data.europa.eu/esco/skill/8bc75dce-beba-40f9-93fc-66c9708ed74b","","""2026-02-10T05:55:58.304Z""","","Skill","advise on efficiency improvements","technical","ESCO"
"http://data.europa.eu/esco/skill/a32ff11a-5f97-4c2e-bbf7-6848814e56e8","","""2026-02-10T05:55:58.336Z""","","Skill","advise on environmental alterations","technical","ESCO"
"http://data.europa.eu/esco/skill/b422efe7-b151-4120-86ae-db11a48dd0fa","","""2026-02-10T05:55:58.386Z""","","Skill","advise on environmental remediation","technical","ESCO"
"http://data.europa.eu/esco/skill/a366bfc5-8d17-4792-a9f0-db0951528dda","","""2026-02-10T05:55:58.417Z""","","Skill","advise on environmental risk management systems","technical","ESCO"
"http://data.europa.eu/esco/skill/61a9e90d-9013-4323-b114-fb4bc7e6729e","","""2026-02-10T05:55:58.455Z""","","Skill","advise on equipment maintenance","technical","ESCO"
"http://data.europa.eu/esco/skill/2f31126e-b6c9-4a20-8747-3b1eeb0ba426","","""2026-02-10T05:55:58.503Z""","","Skill","advise on family planning","technical","ESCO"
"http://data.europa.eu/esco/skill/33e5a0ea-6e6f-4b22-9865-71864de92985","","""2026-02-10T05:55:58.536Z""","","Skill","advise on fertiliser and herbicide","technical","ESCO"
"http://data.europa.eu/esco/skill/79c36c91-28a5-44b7-ab9b-7093b2d4b21e","","""2026-02-10T05:55:58.591Z""","","Skill","advise on financial matters","technical","ESCO"
"http://data.europa.eu/esco/skill/30c9b2b9-2442-4edf-80c6-1fef7ab91d17","","""2026-02-10T05:55:58.622Z""","","Skill","advise on food preservation","technical","ESCO"
"http://data.europa.eu/esco/skill/ec8a9c7f-1d84-4c8a-82c4-d4afe2874483","","""2026-02-10T05:55:58.696Z""","","Skill","advise on foreign affairs policies","technical","ESCO"
"http://data.europa.eu/esco/skill/ed1ad815-c24f-4f0b-864a-4d9d9780df6e","","""2026-02-10T05:55:58.742Z""","","Skill","advise on fragrances","technical","ESCO"
"http://data.europa.eu/esco/skill/3f75c271-1820-4fb8-98eb-5f5d5f931d70","","""2026-02-10T05:55:58.787Z""","","Skill","advise on funeral services","technical","ESCO"
"http://data.europa.eu/esco/skill/a8a9beac-3a6c-4fa9-a3f9-8aa264a6eda1","","""2026-02-10T05:55:58.826Z""","","Skill","advise on furniture style","technical","ESCO"
"http://data.europa.eu/esco/skill/ed1d2fed-92c4-47d6-9d6d-34d501c55572","","""2026-02-10T05:55:58.865Z""","","Skill","advise on geology for mineral extraction","technical","ESCO"
"http://data.europa.eu/esco/skill/c362f415-9cdf-4328-9cf0-651443857a48","","""2026-02-10T05:55:58.898Z""","","Skill","advise on government policy compliance","technical","ESCO"
"http://data.europa.eu/esco/skill/4ab4aca0-96dd-42bb-bf01-c3e0647fa852","","""2026-02-10T05:55:58.929Z""","","Skill","advise on grape quality improvement","technical","ESCO"
"http://data.europa.eu/esco/skill/ed85ec0e-0887-4056-95ee-c460b9397851","","""2026-02-10T05:55:58.978Z""","","Skill","advise on haberdashery products","technical","ESCO"
"http://data.europa.eu/esco/skill/5d715a3d-ddb1-4906-a599-e9737f4ca491","","""2026-02-10T05:55:59.022Z""","","Skill","advise on hair style","technical","ESCO"
"http://data.europa.eu/esco/skill/8232979d-6aa4-40c9-a12b-5152a52a76b8","","""2026-02-10T05:55:59.074Z""","","Skill","advise on healthcare users' informed consent","technical","ESCO"
"http://data.europa.eu/esco/skill/78de3e5f-e3ea-4da2-aa09-3704d03ba622","","""2026-02-10T05:55:59.131Z""","","Skill","advise on healthy lifestyles","technical","ESCO"
"http://data.europa.eu/esco/skill/8614b988-b907-473e-a701-47b525959dc8","","""2026-02-10T05:55:59.172Z""","","Skill","advise on heating systems energy efficiency","technical","ESCO"
"http://data.europa.eu/esco/skill/f5eae448-0e52-4550-b982-9ff108c2ef55","","""2026-02-10T05:55:59.206Z""","","Skill","advise on historical context","technical","ESCO"
"http://data.europa.eu/esco/skill/d2ae1ea1-d899-4f9e-87f5-481987e2e5e8","","""2026-02-10T05:55:59.238Z""","","Skill","advise on housing","technical","ESCO"
"http://data.europa.eu/esco/skill/77a3198a-d862-4dd0-80fe-ee127da845cf","","""2026-02-10T05:55:59.272Z""","","Skill","advise on insurance policies","technical","ESCO"
"http://data.europa.eu/esco/skill/58d8e348-8bbc-4827-9214-822b1ee0007a","","""2026-02-10T05:55:59.305Z""","","Skill","advise on investment","technical","ESCO"
"http://data.europa.eu/esco/skill/5b8d63ff-a58b-4331-a53b-b1925acae4dc","","""2026-02-10T05:55:59.338Z""","","Skill","advise on irrigation projects","technical","ESCO"
"http://data.europa.eu/esco/skill/13f7cd7c-6ec5-4186-8744-de3c780b973d","","""2026-02-10T05:55:59.380Z""","","Skill","advise on landscapes","technical","ESCO"
"http://data.europa.eu/esco/skill/f78877d1-99f3-4649-addc-2d09c9183a1e","","""2026-02-10T05:55:59.414Z""","","Skill","advise on learning methods","technical","ESCO"
"http://data.europa.eu/esco/skill/efe9be37-2433-4b58-95f4-283f2c048104","","""2026-02-10T05:55:59.451Z""","","Skill","advise on legal compliance for participation in financial markets","technical","ESCO"
"http://data.europa.eu/esco/skill/9bb92e10-a5a9-437e-8101-8be2d7f631ff","","""2026-02-10T05:55:59.507Z""","","Skill","advise on legal decisions","technical","ESCO"
"http://data.europa.eu/esco/skill/dbdd03ec-f64f-4916-8a86-cc71d765cc20","","""2026-02-10T05:55:59.540Z""","","Skill","advise on legislative acts","technical","ESCO"
"http://data.europa.eu/esco/skill/bd420d08-880b-43bc-a808-d46ad3115168","","""2026-02-10T05:55:59.587Z""","","Skill","advise on lesson plans","technical","ESCO"
"http://data.europa.eu/esco/skill/df2433cc-b53e-42ad-b40a-952c83b8e60b","","""2026-02-10T05:55:59.625Z""","","Skill","advise on licencing procedures","technical","ESCO"
"http://data.europa.eu/esco/skill/3ff821af-f977-4cfd-98d7-27d30d2e4828","","""2026-02-10T05:55:59.655Z""","","Skill","advise on livestock disease control","technical","ESCO"
"http://data.europa.eu/esco/skill/b66f9bca-e042-4eca-bd28-b81de0e5e129","","""2026-02-10T05:55:59.685Z""","","Skill","advise on livestock productivity","technical","ESCO"
"http://data.europa.eu/esco/skill/6ab43249-d856-453b-9f45-37c3f8dae339","","""2026-02-10T05:55:59.725Z""","","Skill","advise on loans of art work for exhibitions","technical","ESCO"
"http://data.europa.eu/esco/skill/adc82bc2-8b95-4826-a6b5-e7189989bdb9","","""2026-02-10T05:55:59.756Z""","","Skill","advise on machine maintenance","technical","ESCO"
"http://data.europa.eu/esco/skill/6c80c47c-3d08-4356-aa82-46f6ec82c898","","""2026-02-10T05:55:59.789Z""","","Skill","advise on manufacturing problems","technical","ESCO"
"http://data.europa.eu/esco/skill/7b901041-3863-4f35-ad9b-5f89de38b1e5","","""2026-02-10T05:55:59.820Z""","","Skill","advise on maritime subjects","technical","ESCO"
"http://data.europa.eu/esco/skill/9072e955-3c24-408e-a069-15f3fb012e72","","""2026-02-10T05:55:59.850Z""","","Skill","advise on medical device features","technical","ESCO"
"http://data.europa.eu/esco/skill/90ccd1bc-af3f-4c04-b2dd-bef2ba62905d","","""2026-02-10T05:55:59.883Z""","","Skill","advise on mental health","technical","ESCO"
"http://data.europa.eu/esco/skill/d2de37c7-7233-481b-8b1a-f4dfde11ca91","","""2026-02-10T05:55:59.915Z""","","Skill","advise on merchandise features","technical","ESCO"
"http://data.europa.eu/esco/skill/1441e3b2-d776-40aa-9684-536a25329ebb","","""2026-02-10T05:55:59.946Z""","","Skill","advise on mine development","technical","ESCO"
"http://data.europa.eu/esco/skill/f4482d36-86d0-422d-aeb2-59d1bbebb6ff","","""2026-02-10T05:55:59.987Z""","","Skill","advise on mine equipment","technical","ESCO"
"http://data.europa.eu/esco/skill/dfbed830-a70d-46da-9cce-82081593d948","","""2026-02-10T05:56:00.018Z""","","Skill","advise on mine production","technical","ESCO"
"http://data.europa.eu/esco/skill/0e0b8991-4b24-4bb8-9113-df3ce43c1ff9","","""2026-02-10T05:56:00.048Z""","","Skill","advise on mining environmental issues","technical","ESCO"
"http://data.europa.eu/esco/skill/8982fa08-51a2-4436-b23b-c35332577113","","""2026-02-10T05:56:00.092Z""","","Skill","advise on music pedagogy","technical","ESCO"
"http://data.europa.eu/esco/skill/b34f8562-9fcc-4e58-bd1c-8088ebadd315","","""2026-02-10T05:56:00.127Z""","","Skill","advise on nature conservation","technical","ESCO"
"http://data.europa.eu/esco/skill/e16fca1b-b3e2-4823-bba1-7c755c1caf58","","""2026-02-10T05:56:00.158Z""","","Skill","advise on nitrate pollution","technical","ESCO"
"http://data.europa.eu/esco/skill/c741be10-1d34-42ed-94fc-3e78791e4bd5","","""2026-02-10T05:56:00.195Z""","","Skill","advise on online dating","technical","ESCO"
"http://data.europa.eu/esco/skill/d2dc31f1-720c-4757-bc1b-9e563d264dcf","","""2026-02-10T05:56:00.227Z""","","Skill","advise on organisation climate","technical","ESCO"
"http://data.europa.eu/esco/skill/1212ac42-2564-4fce-80e1-6ce4ea4d9bf5","","""2026-02-10T05:56:00.257Z""","","Skill","advise on personnel management","technical","ESCO"
"http://data.europa.eu/esco/skill/98bcc40b-2f63-4832-9290-7430a103d102","","""2026-02-10T05:56:00.304Z""","","Skill","advise on pest infestation prevention","technical","ESCO"
"http://data.europa.eu/esco/skill/5d7e0ecb-350a-4a49-8e2d-1f1d9c98d43f","","""2026-02-10T05:56:00.343Z""","","Skill","advise on plant mineral nutrition","technical","ESCO"
"http://data.europa.eu/esco/skill/592bb88c-c063-48a7-9dca-c81f37f724a5","","""2026-02-10T05:56:00.374Z""","","Skill","advise on poisoning incidents","technical","ESCO"
"http://data.europa.eu/esco/skill/4d032f82-6279-48e6-9892-116440a071e3","","""2026-02-10T05:56:00.410Z""","","Skill","advise on pollution prevention","technical","ESCO"
"http://data.europa.eu/esco/skill/649cab01-fa5e-4721-bf63-76dccc34f3f6","","""2026-02-10T05:56:00.441Z""","","Skill","advise on potential safety hazards concerning heating systems","technical","ESCO"
"http://data.europa.eu/esco/skill/acd54bcb-4c69-4ee9-a27f-732aec62804d","","""2026-02-10T05:56:00.486Z""","","Skill","advise on pregnancies at risk","technical","ESCO"
"http://data.europa.eu/esco/skill/49ba1b34-ae1a-4a6d-8d66-8f1f029d361d","","""2026-02-10T05:56:00.535Z""","","Skill","advise on pregnancy","technical","ESCO"
"http://data.europa.eu/esco/skill/1528547a-3524-4355-90c1-3428e2798419","","""2026-02-10T05:56:00.565Z""","","Skill","advise on prenatal diagnosis for genetic diseases","technical","ESCO"
"http://data.europa.eu/esco/skill/f5584cdb-fded-4dfe-b246-ef06f442d3a7","","""2026-02-10T05:56:00.628Z""","","Skill","advise on preparation of diet food","technical","ESCO"
"http://data.europa.eu/esco/skill/410ed4d3-78a5-44c4-a5bd-4276900b463e","","""2026-02-10T05:56:00.658Z""","","Skill","advise on property value","technical","ESCO"
"http://data.europa.eu/esco/skill/a9640376-8d72-4a70-a4a3-7a18e2e8f3c0","","""2026-02-10T05:56:00.689Z""","","Skill","advise on public finance","technical","ESCO"
"http://data.europa.eu/esco/skill/d952e003-b5af-4a8a-9d32-921d34dc4907","","""2026-02-10T05:56:00.740Z""","","Skill","advise on public image","technical","ESCO"
"http://data.europa.eu/esco/skill/2691f4d8-d090-423f-afd7-9e721f562e8d","","""2026-02-10T05:56:00.769Z""","","Skill","advise on public relations","technical","ESCO"
"http://data.europa.eu/esco/skill/d619761b-cf3b-471b-8113-87792b256939","","""2026-02-10T05:56:00.814Z""","","Skill","advise on railway infrastructure repairs","technical","ESCO"
"http://data.europa.eu/esco/skill/c823d9a1-5403-4f2d-b9a5-2fada5ee0966","","""2026-02-10T05:56:00.844Z""","","Skill","advise on rehabilitation exercises","technical","ESCO"
"http://data.europa.eu/esco/skill/0efbe2dc-2770-47ec-b8f4-d1bdff6ac0a4","","""2026-02-10T05:56:00.880Z""","","Skill","advise on risk management","technical","ESCO"
"http://data.europa.eu/esco/skill/37838e04-ac5f-43a5-82d0-35f42351fd60","","""2026-02-10T05:56:00.914Z""","","Skill","advise on safety improvements","technical","ESCO"
"http://data.europa.eu/esco/skill/e71c6cee-7247-49f4-829a-141c880ae938","","""2026-02-10T05:56:00.944Z""","","Skill","advise on security risk management","technical","ESCO"
"http://data.europa.eu/esco/skill/9e4dc918-cc74-432e-9b39-53b1b606748a","","""2026-02-10T05:56:00.974Z""","","Skill","advise on site selection","technical","ESCO"
"http://data.europa.eu/esco/skill/83259f23-b896-46c6-a972-4d63f2128559","","""2026-02-10T05:56:01.051Z""","","Skill","advise on social enterprise","technical","ESCO"
"http://data.europa.eu/esco/skill/b2f05068-c409-43ec-ba58-b5dfe991ca5e","","""2026-02-10T05:56:01.081Z""","","Skill","advise on social responsibility and sustainability matters","technical","ESCO"
"http://data.europa.eu/esco/skill/f28c3e9b-8666-48d4-a5e4-542ac193879b","","""2026-02-10T05:56:01.126Z""","","Skill","advise on social security benefits","technical","ESCO"
"http://data.europa.eu/esco/skill/956cd4b3-6cf2-4871-b275-9a34a770c633","","""2026-02-10T05:56:01.156Z""","","Skill","advise on social service process","technical","ESCO"
"http://data.europa.eu/esco/skill/3e25fd3e-2bcd-4320-9587-0aadf7fb93b1","","""2026-02-10T05:56:01.188Z""","","Skill","advise on soil and water protection","technical","ESCO"
"http://data.europa.eu/esco/skill/370ebe1f-55a5-424f-a44e-f3c19222d63b","","""2026-02-10T05:56:01.219Z""","","Skill","advise on strengthening security","technical","ESCO"
"http://data.europa.eu/esco/skill/522d861a-0f47-4c19-bc1d-c5c7f310b339","","""2026-02-10T05:56:01.251Z""","","Skill","advise on tanning treatments","technical","ESCO"
"http://data.europa.eu/esco/skill/161a6c5a-593a-4977-b7b7-49c6a2a2f2a3","","""2026-02-10T05:56:01.283Z""","","Skill","advise on tax planning","technical","ESCO"
"http://data.europa.eu/esco/skill/b5feaf25-3975-4e74-85fd-4470e344ba2e","","""2026-02-10T05:56:01.317Z""","","Skill","advise on tax policy","technical","ESCO"
"http://data.europa.eu/esco/skill/e2ab113a-3eae-4ef7-8d67-b989666a92b3","","""2026-02-10T05:56:01.350Z""","","Skill","advise on teaching methods","technical","ESCO"
"http://data.europa.eu/esco/skill/f40be391-915a-4f80-bc3d-b727cfd172b6","","""2026-02-10T05:56:01.381Z""","","Skill","advise on the causes of crop disorders","technical","ESCO"
"http://data.europa.eu/esco/skill/918459f1-147d-46f5-8de1-87e5663da8b0","","""2026-02-10T05:56:01.413Z""","","Skill","advise on the selection of security staff","technical","ESCO"
"http://data.europa.eu/esco/skill/b0316cca-d844-451e-a9ba-aad6db2149ce","","""2026-02-10T05:56:01.448Z""","","Skill","advise on timber harvest","technical","ESCO"
"http://data.europa.eu/esco/skill/4646bd22-2067-42d0-a02e-e20ef771b4da","","""2026-02-10T05:56:01.485Z""","","Skill","advise on timber-based products","technical","ESCO"
"http://data.europa.eu/esco/skill/90267570-aad1-4c54-9c9c-5a1a5847a819","","""2026-02-10T05:56:01.535Z""","","Skill","advise on training courses","technical","ESCO"
"http://data.europa.eu/esco/skill/31efacf9-6623-4d88-947a-34613ce3c468","","""2026-02-10T05:56:01.580Z""","","Skill","advise on tree issues","technical","ESCO"
"http://data.europa.eu/esco/skill/b6f3157d-3468-4e8e-96c7-cb9dd081fdfa","","""2026-02-10T05:56:01.627Z""","","Skill","advise on trial strategies","technical","ESCO"
"http://data.europa.eu/esco/skill/8b46636e-e201-4086-a8d5-049b65eaf40e","","""2026-02-10T05:56:01.658Z""","","Skill","advise on use of land","technical","ESCO"
"http://data.europa.eu/esco/skill/1ab1449d-5b65-458b-b115-f5283a52da8e","","""2026-02-10T05:56:01.688Z""","","Skill","advise on utility consumption","technical","ESCO"
"http://data.europa.eu/esco/skill/9f94d5f4-ac34-406d-940f-c723976dc8f4","","""2026-02-10T05:56:01.722Z""","","Skill","advise on vehicle characteristics","technical","ESCO"
"http://data.europa.eu/esco/skill/f82b05a7-128b-4a72-a815-044ff6062f62","","""2026-02-10T05:56:01.771Z""","","Skill","advise on waste management procedures","technical","ESCO"
"http://data.europa.eu/esco/skill/274ad409-c740-4e85-852b-7e3f3168b9ca","","""2026-02-10T05:56:01.800Z""","","Skill","advise on weather-related issues","technical","ESCO"
"http://data.europa.eu/esco/skill/ae7fd197-bd54-464b-bc6d-ec2be41e4fea","","""2026-02-10T05:56:01.837Z""","","Skill","advise on wine quality improvement","technical","ESCO"
"http://data.europa.eu/esco/skill/58ee1bf5-3409-40d1-a8d6-21c1208a46f6","","""2026-02-10T05:56:01.868Z""","","Skill","advise patients on health and lifestyle issues","technical","ESCO"
"http://data.europa.eu/esco/skill/4d2fa936-9983-45c3-986b-fdf82fb65d0d","","""2026-02-10T05:56:01.898Z""","","Skill","advise patients on infectious diseases when travelling","technical","ESCO"
"http://data.europa.eu/esco/skill/aa1eb7ac-53a8-4c08-ba6f-3f3196b1cae1","","""2026-02-10T05:56:01.936Z""","","Skill","advise patients on vision improvement conditions","technical","ESCO"
"http://data.europa.eu/esco/skill/1553446e-ee05-435a-91a6-acfe7f848432","","""2026-02-10T05:56:01.965Z""","","Skill","advise policy makers in healthcare","technical","ESCO"
"http://data.europa.eu/esco/skill/715fec66-0648-4463-b9bc-9c0140189a4e","","""2026-02-10T05:56:01.996Z""","","Skill","advise politicians on electoral procedures","technical","ESCO"
"http://data.europa.eu/esco/skill/973d751a-93e0-4bca-88e0-383215f042e5","","""2026-02-10T05:56:02.037Z""","","Skill","advise sportspersons on diet","technical","ESCO"
"http://data.europa.eu/esco/skill/5a362a03-c808-4e19-a387-226ccaf1c6a7","","""2026-02-10T05:56:02.066Z""","","Skill","advise superiors on military operations","technical","ESCO"
"http://data.europa.eu/esco/skill/7e30aa6e-d65e-4e00-a76b-001444a7d07e","","""2026-02-10T05:56:02.097Z""","","Skill","advise supervisors","technical","ESCO"
"http://data.europa.eu/esco/skill/a85f248e-38e7-46e8-a1e6-9b1881920a3b","","""2026-02-10T05:56:02.142Z""","","Skill","advocate for consumer matters in production plants","technical","ESCO"
"http://data.europa.eu/esco/skill/ee062700-f7ef-4c2f-b6e0-c3438cc40299","","""2026-02-10T05:56:02.174Z""","","Skill","advocate for healthcare users' needs","technical","ESCO"
"http://data.europa.eu/esco/skill/e05fccc8-0b53-43fc-81ee-9aa5a7229aa9","","""2026-02-10T05:56:02.205Z""","","Skill","advocate for others","technical","ESCO"
"http://data.europa.eu/esco/skill/6b85a3ef-4518-42e1-84ff-55ff13c2641f","","""2026-02-10T05:56:02.245Z""","","Skill","advocate for social service users","technical","ESCO"
"http://data.europa.eu/esco/skill/394028bf-8dd1-4910-ad46-bc9e8e6e5b6d","","""2026-02-10T05:56:02.276Z""","","Skill","advocate health","technical","ESCO"
"http://data.europa.eu/esco/skill/80466be3-825a-456a-94ec-9c83c0007f0c","","""2026-02-10T05:56:02.306Z""","","Skill","aerodynamics","technical","ESCO"
"http://data.europa.eu/esco/skill/b4a05236-1754-4ec6-869c-025f82855878","","""2026-02-10T05:56:02.345Z""","","Skill","aeronomy","technical","ESCO"
"http://data.europa.eu/esco/skill/5dd96c59-5955-474b-8cf5-e986a5b50f1a","","""2026-02-10T05:56:02.377Z""","","Skill","aerospace engineering","technical","ESCO"
"http://data.europa.eu/esco/skill/6db3ac8e-8636-4ced-965b-75e35c3193c3","","""2026-02-10T05:56:02.408Z""","","Skill","aesthetics","technical","ESCO"
"http://data.europa.eu/esco/skill/bcaeca5f-4c77-4088-90a8-bbdcea6e40e2","","""2026-02-10T05:56:02.449Z""","","Skill","affix memorial plaques","technical","ESCO"
"http://data.europa.eu/esco/skill/c259fd34-64df-4709-b622-7b08431f4375","","""2026-02-10T05:56:02.479Z""","","Skill","age alcoholic beverages in vats","technical","ESCO"
"http://data.europa.eu/esco/skill/dba46f87-0831-49cd-a1c7-340a653c0221","","""2026-02-10T05:56:02.513Z""","","Skill","Agile development","technical","ESCO"
"http://data.europa.eu/esco/skill/0a9acb6b-1139-4be9-b431-3a80a959f2f4","","""2026-02-10T05:56:02.558Z""","","Skill","Agile project management","technical","ESCO"
"http://data.europa.eu/esco/skill/25551d22-cf72-47db-84e4-db18867e5f78","","""2026-02-10T05:56:02.590Z""","","Skill","agree on repair arrangements","technical","ESCO"
"http://data.europa.eu/esco/skill/518779a6-ea5d-4e4b-8029-8bc90b5bcb92","","""2026-02-10T05:56:02.624Z""","","Skill","agricultural business management","technical","ESCO"
"http://data.europa.eu/esco/skill/7e9b4242-2be7-4b9e-8ca0-46d5cedd3cb9","","""2026-02-10T05:56:02.653Z""","","Skill","agricultural chemicals","technical","ESCO"
"http://data.europa.eu/esco/skill/5f95f9c9-30ee-4735-ab63-8045ec8f78f8","","""2026-02-10T05:56:02.695Z""","","Skill","agricultural equipment","technical","ESCO"
"http://data.europa.eu/esco/skill/691c7db6-bad8-4a09-a3c4-4bf799375a35","","""2026-02-10T05:56:02.727Z""","","Skill","agricultural production principles","technical","ESCO"
"http://data.europa.eu/esco/skill/2facacc1-920c-45f4-9a69-5892e0d34fd8","","""2026-02-10T05:56:02.768Z""","","Skill","agricultural raw materials, seeds and animal feed products","technical","ESCO"
"http://data.europa.eu/esco/skill/bde3acd6-e997-4b74-8432-5ea2cf39633e","","""2026-02-10T05:56:02.838Z""","","Skill","agricultural sector policies","technical","ESCO"
"http://data.europa.eu/esco/skill/df0690fb-070b-4d63-9043-a65f18044787","","""2026-02-10T05:56:02.911Z""","","Skill","agritourism","technical","ESCO"
"http://data.europa.eu/esco/skill/5eafee30-f3b6-4cd6-baf8-517bb2f3d625","","""2026-02-10T05:56:02.944Z""","","Skill","agronomical production principles","technical","ESCO"
"http://data.europa.eu/esco/skill/afdcb380-ef9f-4785-b877-cc551f035034","","""2026-02-10T05:56:03.001Z""","","Skill","agronomy","technical","ESCO"
"http://data.europa.eu/esco/skill/08a2ff87-09e7-4899-a47c-8ab81702d08d","","""2026-02-10T05:56:03.035Z""","","Skill","aid archive users with their enquiries","technical","ESCO"
"http://data.europa.eu/esco/skill/b5d82f65-8934-4cc2-8ced-2a23871d02e0","","""2026-02-10T05:56:03.076Z""","","Skill","air force operations","technical","ESCO"
"http://data.europa.eu/esco/skill/75151b44-d942-408a-a7e8-d72bee95227b","","""2026-02-10T05:56:03.115Z""","","Skill","air passenger behaviour","technical","ESCO"
"http://data.europa.eu/esco/skill/b387bca8-0f61-4548-b41c-2fe6887d1534","","""2026-02-10T05:56:03.147Z""","","Skill","air traffic control operations","technical","ESCO"
"http://data.europa.eu/esco/skill/34330a42-eeb0-44c3-a41e-670e9b20c7c7","","""2026-02-10T05:56:03.202Z""","","Skill","air traffic management","technical","ESCO"
"http://data.europa.eu/esco/skill/b293aa52-8ead-42b7-96ef-de4fb0654c28","","""2026-02-10T05:56:03.231Z""","","Skill","air transport law","technical","ESCO"
"http://data.europa.eu/esco/skill/557e9247-1a2d-4497-aa7f-0cded7768da1","","""2026-02-10T05:56:03.271Z""","","Skill","Aircrack (penetration testing tool)","technical","ESCO"
"http://data.europa.eu/esco/skill/444ad3dc-5478-424c-a5c4-a9ef35b3225d","","""2026-02-10T05:56:03.319Z""","","Skill","aircraft cargo capacity","technical","ESCO"
"http://data.europa.eu/esco/skill/2672f6a9-1e70-43c5-859d-e6a0fc9ea0f1","","""2026-02-10T05:56:03.354Z""","","Skill","aircraft flight control systems","technical","ESCO"
"http://data.europa.eu/esco/skill/af426cea-4cce-481d-87eb-9b1f075c7063","","""2026-02-10T05:56:03.391Z""","","Skill","aircraft marshalling signals","technical","ESCO"
"http://data.europa.eu/esco/skill/532bcdca-a889-4dea-8f7f-4e03d8cfd0d2","","""2026-02-10T05:56:03.422Z""","","Skill","aircraft mechanics","technical","ESCO"
"http://data.europa.eu/esco/skill/787b82e0-382b-4f1e-b9f3-56f419fbb1cb","","""2026-02-10T05:56:03.453Z""","","Skill","airport electrical systems","technical","ESCO"
"http://data.europa.eu/esco/skill/23dc8bb2-1091-461e-9095-a048b7ffa009","","""2026-02-10T05:56:03.493Z""","","Skill","airport environmental regulations","technical","ESCO"
"http://data.europa.eu/esco/skill/5193fd78-f343-4bdc-9698-2330f45bff41","","""2026-02-10T05:56:03.525Z""","","Skill","airport lighting equipment","technical","ESCO"
"http://data.europa.eu/esco/skill/e7f7ceb9-6b2e-4a9f-9bc3-34613fd984c7","","""2026-02-10T05:56:03.556Z""","","Skill","airport operating environment","technical","ESCO"
"http://data.europa.eu/esco/skill/137833bd-aa42-47b5-8005-dd004060c8b5","","""2026-02-10T05:56:03.613Z""","","Skill","airport planning","technical","ESCO"
"http://data.europa.eu/esco/skill/c648deac-4969-41b7-8a67-9987f5d414a6","","""2026-02-10T05:56:03.645Z""","","Skill","airport safety regulations","technical","ESCO"
"http://data.europa.eu/esco/skill/1bc46d79-d290-4d2e-bf79-a634ea10e584","","""2026-02-10T05:56:03.683Z""","","Skill","airport terminal standards","technical","ESCO"
"http://data.europa.eu/esco/skill/90f9dc0c-f9c0-45a7-9fb4-20a7e4ca4632","","""2026-02-10T05:56:03.713Z""","","Skill","airspace system block upgrades","technical","ESCO"
"http://data.europa.eu/esco/skill/9375f778-ed38-41f6-b58f-795cede40e51","","""2026-02-10T05:56:03.741Z""","","Skill","airtight storage","technical","ESCO"
"http://data.europa.eu/esco/skill/b4dc6e4f-dc7d-445f-8ce2-d7b9d225e282","","""2026-02-10T05:56:03.777Z""","","Skill","AJAX","technical","ESCO"
"http://data.europa.eu/esco/skill/8c88d336-c249-4537-b26e-d679a85c4b9b","","""2026-02-10T05:56:03.841Z""","","Skill","Ajax Framework","technical","ESCO"
"http://data.europa.eu/esco/skill/14029d35-3831-4176-be75-da64e6024e6f","","""2026-02-10T05:56:03.909Z""","","Skill","alarm systems","technical","ESCO"
"http://data.europa.eu/esco/skill/f1a08ec9-32d2-4e52-ba4a-66e049019be8","","""2026-02-10T05:56:03.944Z""","","Skill","Albanian","technical","ESCO"
"http://data.europa.eu/esco/skill/d5f1997a-59a8-4ea7-b18c-df0d69b8f2e5","","""2026-02-10T05:56:03.981Z""","","Skill","alcohol fuels","technical","ESCO"
"http://data.europa.eu/esco/skill/1e9bd245-3118-45e0-83e4-751f2ce556e5","","""2026-02-10T05:56:04.038Z""","","Skill","alcoholic beverage products","technical","ESCO"
"http://data.europa.eu/esco/skill/55e910e4-736d-44cf-bfa9-b15adc5d91d2","","""2026-02-10T05:56:04.092Z""","","Skill","algebra","technical","ESCO"
"http://data.europa.eu/esco/skill/54924a2c-daca-40d3-9716-4b38ceb04f38","","""2026-02-10T05:56:04.139Z""","","Skill","algorithms","technical","ESCO"
"http://data.europa.eu/esco/skill/dd276faa-ef0a-4ad0-8744-37b883a79b64","","""2026-02-10T05:56:04.192Z""","","Skill","align antennae with receiving dishes","technical","ESCO"
"http://data.europa.eu/esco/skill/5133ed7b-0785-4c28-825d-1dcf518c4b5b","","""2026-02-10T05:56:04.241Z""","","Skill","align components","technical","ESCO"
"http://data.europa.eu/esco/skill/4806e6cf-24b0-4828-b9c4-866d9b8a2ca6","","""2026-02-10T05:56:04.277Z""","","Skill","align content with form","technical","ESCO"
"http://data.europa.eu/esco/skill/ee7f90cc-922e-4da7-a7ae-83c2688fed10","","""2026-02-10T05:56:04.396Z""","","Skill","align efforts towards business development","technical","ESCO"
"http://data.europa.eu/esco/skill/2857540c-180b-4208-9127-e94a01871966","","""2026-02-10T05:56:04.456Z""","","Skill","align software with system architectures","technical","ESCO"
"http://data.europa.eu/esco/skill/c51c5fec-84f4-42bd-a5c7-a77766dfe6d4","","""2026-02-10T05:56:04.509Z""","","Skill","alkali stages of refining processes for edible oils","technical","ESCO"
"http://data.europa.eu/esco/skill/f18b3dc3-fc4f-438c-9279-ebcaf2908b20","","""2026-02-10T05:56:04.540Z""","","Skill","alkylation","technical","ESCO"
"http://data.europa.eu/esco/skill/27fddfc8-71fb-4bc2-9597-70bf59f117d4","","""2026-02-10T05:56:04.570Z""","","Skill","allergic cosmetics reactions","technical","ESCO"
"http://data.europa.eu/esco/skill/b36a1779-914b-4a4e-9d79-a1765bdfcc86","","""2026-02-10T05:56:04.610Z""","","Skill","allergies","technical","ESCO"
"http://data.europa.eu/esco/skill/7b0abe5e-ac4d-4416-94b0-747ab497893f","","""2026-02-10T05:56:04.650Z""","","Skill","allergology","technical","ESCO"
"http://data.europa.eu/esco/skill/ac2d4fd4-3704-42e5-b2a8-c8498c7a25a6","","""2026-02-10T05:56:04.687Z""","","Skill","allocate badges","technical","ESCO"
"http://data.europa.eu/esco/skill/28a2ff4b-5f99-448e-8bd7-fb836166e95f","","""2026-02-10T05:56:04.735Z""","","Skill","allocate bills","technical","ESCO"
"http://data.europa.eu/esco/skill/9b42768d-c4e8-40bb-ad70-712afbdf1f78","","""2026-02-10T05:56:04.766Z""","","Skill","allocate keys","technical","ESCO"
"http://data.europa.eu/esco/skill/2dde0f6e-fa08-4c0e-b55b-0dd9f061d6d5","","""2026-02-10T05:56:04.809Z""","","Skill","allocate locker space","technical","ESCO"
"http://data.europa.eu/esco/skill/25886784-2382-4524-88e0-b04c4b5a178c","","""2026-02-10T05:56:04.842Z""","","Skill","allocate numbers to clients' belongings","technical","ESCO"
"http://data.europa.eu/esco/skill/ee6a9d20-0132-4f31-9da3-32fdc5749a9b","","""2026-02-10T05:56:04.883Z""","","Skill","allocate paychecks","technical","ESCO"
"http://data.europa.eu/esco/skill/3b2d77a8-6a61-48a0-af4b-e63bd083334f","","""2026-02-10T05:56:04.916Z""","","Skill","alloys of precious metals","technical","ESCO"
"http://data.europa.eu/esco/skill/06fa9997-1720-45e8-a0cf-ee3060049f8b","","""2026-02-10T05:56:04.947Z""","","Skill","alter management","technical","ESCO"
"http://data.europa.eu/esco/skill/7e2f6f05-d6ef-45f3-a33c-5d6d0b07e1cf","","""2026-02-10T05:56:04.990Z""","","Skill","alter wearing apparel","technical","ESCO"
"http://data.europa.eu/esco/skill/fee54dc3-c3da-42c7-aaf6-7dcef8e7f181","","""2026-02-10T05:56:05.040Z""","","Skill","alumina ceramic","technical","ESCO"
"http://data.europa.eu/esco/skill/b413a662-2af0-41c6-8dce-5f83bffc82ea","","""2026-02-10T05:56:05.070Z""","","Skill","aluminium alloys","technical","ESCO"
"http://data.europa.eu/esco/skill/c585a661-1720-4138-8cc7-0029452a8534","","""2026-02-10T05:56:05.110Z""","","Skill","amusement park emergency procedures","technical","ESCO"
"http://data.europa.eu/esco/skill/f8f89b7f-901c-462e-bc6d-f7d2ba68f92e","","""2026-02-10T05:56:05.141Z""","","Skill","anaesthetics","technical","ESCO"
"http://data.europa.eu/esco/skill/43438fd0-3af5-48f9-8984-495dfc447b0f","","""2026-02-10T05:56:05.172Z""","","Skill","analgesics","technical","ESCO"
"http://data.europa.eu/esco/skill/ee1417ac-4e9a-4102-b89a-528ab4ffba13","","""2026-02-10T05:56:05.212Z""","","Skill","analog electronics theory","technical","ESCO"
"http://data.europa.eu/esco/skill/97db841c-31bf-4aa0-85b9-0ddd0a77b7a5","","""2026-02-10T05:56:05.251Z""","","Skill","analyse a script","technical","ESCO"
"http://data.europa.eu/esco/skill/f1e1a05d-49a6-492f-ae99-88533ef26d13","","""2026-02-10T05:56:05.282Z""","","Skill","analyse animal locomotion","technical","ESCO"
"http://data.europa.eu/esco/skill/55d46c76-385c-4a86-bc8c-328b6e2f8824","","""2026-02-10T05:56:05.314Z""","","Skill","analyse apple juice for cider production","technical","ESCO"
"http://data.europa.eu/esco/skill/922e1da8-69f5-4fd3-baef-f2e8b89f3946","","""2026-02-10T05:56:05.354Z""","","Skill","analyse bestsellers","technical","ESCO"
"http://data.europa.eu/esco/skill/47a49cd6-097d-457a-9f7b-c290c14930d5","","""2026-02-10T05:56:05.385Z""","","Skill","analyse big data","technical","ESCO"
"http://data.europa.eu/esco/skill/cb9c8373-402a-4b5f-8b19-63a831a14e48","","""2026-02-10T05:56:05.419Z""","","Skill","analyse blood patterns","technical","ESCO"
"http://data.europa.eu/esco/skill/67d37d22-a013-4d79-9185-2f97820917d6","","""2026-02-10T05:56:05.451Z""","","Skill","analyse blood samples","technical","ESCO"
"http://data.europa.eu/esco/skill/43805fb4-8bbf-4960-b7d6-8bc275390cac","","""2026-02-10T05:56:05.482Z""","","Skill","analyse body fluids","technical","ESCO"
"http://data.europa.eu/esco/skill/3ebc672a-8049-4305-8c42-0e9168b92798","","""2026-02-10T05:56:05.522Z""","","Skill","analyse booking patterns","technical","ESCO"
"http://data.europa.eu/esco/skill/408fcc8e-d4e6-43e7-ab27-b617a1dced98","","""2026-02-10T05:56:05.552Z""","","Skill","analyse business objectives","technical","ESCO"
"http://data.europa.eu/esco/skill/5da3c765-10a3-49eb-934c-ec401ceb1a34","","""2026-02-10T05:56:05.583Z""","","Skill","analyse business plans","technical","ESCO"
"http://data.europa.eu/esco/skill/56042303-972b-41be-9310-58467599ff7e","","""2026-02-10T05:56:05.628Z""","","Skill","analyse business processes","technical","ESCO"
"http://data.europa.eu/esco/skill/b04f377b-ee80-4b38-aca1-19d266a23b17","","""2026-02-10T05:56:05.666Z""","","Skill","analyse business requirements","technical","ESCO"
"http://data.europa.eu/esco/skill/3bb6f78f-24f3-4799-b247-91a0c4bf5d81","","""2026-02-10T05:56:05.701Z""","","Skill","analyse call centre activities","technical","ESCO"
"http://data.europa.eu/esco/skill/3a585818-03f1-434c-b41b-9d3c4ceedfaa","","""2026-02-10T05:56:05.733Z""","","Skill","analyse call performance trends","technical","ESCO"
"http://data.europa.eu/esco/skill/355c4510-8b6c-4d39-9e4d-5b91ddda2fb4","","""2026-02-10T05:56:05.765Z""","","Skill","analyse cell cultures","technical","ESCO"
"http://data.europa.eu/esco/skill/ef4a3050-2232-4562-9ecd-bd1d5f22f064","","""2026-02-10T05:56:05.798Z""","","Skill","analyse characteristics of food products at reception","technical","ESCO"
"http://data.europa.eu/esco/skill/39aa5571-45ce-4ba3-a280-f6870ef0075f","","""2026-02-10T05:56:05.858Z""","","Skill","analyse chemical substances","technical","ESCO"
"http://data.europa.eu/esco/skill/1b8194a4-952a-48e6-8087-237a29039f50","","""2026-02-10T05:56:05.908Z""","","Skill","analyse claim files","technical","ESCO"
"http://data.europa.eu/esco/skill/1c36a4d4-e2d5-46b8-a43b-b749fc3dc7e6","","""2026-02-10T05:56:05.938Z""","","Skill","analyse client's physical condition","technical","ESCO"
"http://data.europa.eu/esco/skill/fbe6232a-e2b2-4830-a5e6-ed6415f01e85","","""2026-02-10T05:56:05.971Z""","","Skill","analyse community needs","technical","ESCO"
"http://data.europa.eu/esco/skill/750caee5-12a0-46ba-b8aa-1e56370deaf9","","""2026-02-10T05:56:06.003Z""","","Skill","analyse consumer buying trends","technical","ESCO"
"http://data.europa.eu/esco/skill/b0f90c72-dcce-421d-b32e-371b9d25fd40","","""2026-02-10T05:56:06.080Z""","","Skill","analyse costume sketches","technical","ESCO"
"http://data.europa.eu/esco/skill/03bc5f23-4317-41c2-9528-2db5c3c87b85","","""2026-02-10T05:56:06.117Z""","","Skill","analyse cultural trends","technical","ESCO"
"http://data.europa.eu/esco/skill/d086b37f-8167-4051-b11b-cd4de7b0c152","","""2026-02-10T05:56:06.159Z""","","Skill","analyse curriculum","technical","ESCO"
"http://data.europa.eu/esco/skill/c5d018ca-f6fa-4cc0-b209-43df46e56d48","","""2026-02-10T05:56:06.192Z""","","Skill","analyse customer service surveys","technical","ESCO"
"http://data.europa.eu/esco/skill/d63f49de-cb72-4ce3-9553-a374a4f32f52","","""2026-02-10T05:56:06.238Z""","","Skill","analyse data about clients","technical","ESCO"
"http://data.europa.eu/esco/skill/807d89b5-3557-4259-8e2c-1b374d497fe8","","""2026-02-10T05:56:06.268Z""","","Skill","analyse data for aeronautical publications","technical","ESCO"
"http://data.europa.eu/esco/skill/19aa10ee-35fb-4ba1-b8dc-51525c090ccc","","""2026-02-10T05:56:06.308Z""","","Skill","analyse data for policy decisions in trade","technical","ESCO"
"http://data.europa.eu/esco/skill/71b300d6-8de6-4282-b3c0-9a0401d9095f","","""2026-02-10T05:56:06.346Z""","","Skill","analyse drill engineering","technical","ESCO"
"http://data.europa.eu/esco/skill/5354a726-ee64-4f34-90f8-8436f9f374b8","","""2026-02-10T05:56:06.383Z""","","Skill","analyse ecological data","technical","ESCO"
"http://data.europa.eu/esco/skill/5f302d63-048e-451c-b150-97c124a5a26b","","""2026-02-10T05:56:06.417Z""","","Skill","analyse economic trends","technical","ESCO"
"http://data.europa.eu/esco/skill/8215234e-d2eb-45cf-8a1a-c57c2ebef1b7","","""2026-02-10T05:56:06.450Z""","","Skill","analyse education system","technical","ESCO"
"custom_python","undefined","""2026-02-10T05:57:07.428Z""","","Programming","Python","technical","Custom"
"custom_sql","undefined","""2026-02-10T05:57:07.760Z""","","Database","SQL","technical","Custom"
"custom_java","undefined","""2026-02-10T05:57:07.811Z""","","Programming","Java","technical","Custom"
"custom_machine learning","undefined","""2026-02-10T05:57:07.846Z""","","AI/ML","Machine Learning","technical","Custom"
"custom_data analysis","undefined","""2026-02-10T05:57:07.894Z""","","Data","Data Analysis","technical","Custom"
"custom_react","undefined","""2026-02-10T05:57:07.934Z""","","Frontend","React","technical","Custom"
"custom_node.js","undefined","""2026-02-10T05:57:07.966Z""","","Backend","Node.js","technical","Custom"
"custom_aws","undefined","""2026-02-10T05:57:08.002Z""","","Cloud","AWS","technical","Custom"
"custom_communication","undefined","""2026-02-10T05:57:08.033Z""","","Soft Skill","Communication","technical","Custom"
"custom_problem solving","undefined","""2026-02-10T05:57:08.065Z""","","Soft Skill","Problem Solving","technical","Custom"
"custom_statistics","undefined","""2026-02-10T05:57:08.116Z""","","Data","Statistics","technical","Custom"
"custom_tableau","undefined","""2026-02-10T05:57:08.150Z""","","Visualization","Tableau","technical","Custom"
"custom_excel","undefined","""2026-02-10T05:57:08.215Z""","","Data","Excel","technical","Custom"